1976.68, 884.402, 1.3307351864956205
1974.8, 883.071, 1.3298601179420515
1972.92, 881.742, 1.3289856079735130
1971.04, 880.414, 1.3281116492966201
1969.17, 879.086, 1.3272382345967142
1967.29, 877.759, 1.3263653565371247
1965.42, 876.433, 1.3254930077586600
1963.55, 875.108, 1.3246211808787325
1961.69, 873.784, 1.3237498684907221
1959.82, 872.461, 1.3228790631634366
1957.96, 871.138, 1.3220087574402135
1956.1, 869.817, 1.3211389438381145
1954.24, 868.496, 1.3202696148475292
1952.38, 867.176, 1.3194007629310431
1950.53, 865.857, 1.3185323805229672
1948.67, 864.539, 1.3176644600283642
1946.82, 863.222, 1.3167969938223489
1944.97, 861.906, 1.3159299742491493
1943.12, 860.59, 1.3150633936215694
1941.28, 859.275, 1.3141972442198333
1939.43, 857.962, 1.3133315182909615
1937.59, 856.649, 1.3124662080478495
1935.75, 855.337, 1.3116013056681595
1933.91, 854.026, 1.3107368032938820
1932.07, 852.715, 1.3098726930299844
1930.24, 851.406, 1.3090089669437734
1928.4, 850.097, 1.3081456170636607
1926.57, 848.79, 1.3072826353784639
1924.74, 847.483, 1.3064200138362898
1922.91, 846.177, 1.3055577443435382
1921.08, 844.872, 1.3046958187638338
1919.26, 843.567, 1.3038342289171565
1917.43, 842.264, 1.3029729665784708
1915.61, 840.962, 1.3021120234768790
1913.79, 839.66, 1.3012513912945298
1911.97, 838.359, 1.3003910616651935
1910.15, 837.059, 1.2995310261734199
1908.33, 835.76, 1.2986712763531807
1906.51, 834.462, 1.2978118036867901
1904.7, 833.164, 1.2969525996034299
1902.89, 831.868, 1.2960936554782791
1901.08, 830.572, 1.2952349626307178
1899.27, 829.277, 1.2943765123235396
1897.46, 827.984, 1.2935182957612321
1895.65, 826.69, 1.2926603040886990
1893.84, 825.398, 1.2918025283899326
1892.04, 824.107, 1.2909449596865739
1890.24, 822.816, 1.2900875889363335
1888.43, 821.527, 1.2892304070315421
1886.63, 820.238, 1.2883734047978257
1884.83, 818.95, 1.2875165729919886
1883.03, 817.663, 1.2866599023010783
1881.24, 816.377, 1.2858033833402531
1879.44, 815.091, 1.2849470066513693
1877.65, 813.807, 1.2840907627010476
1875.85, 812.523, 1.2832346418790390
1874.06, 811.24, 1.2823786344967258
1872.27, 809.959, 1.2815227307844108
1870.48, 808.677, 1.2806669208902293
1868.69, 807.397, 1.2798111948779320
1866.9, 806.118, 1.2789555427249935
1865.11, 804.839, 1.2780999543203098
1863.32, 803.562, 1.2772444194623325
1861.54, 802.285, 1.2763889278570690
1859.75, 801.009, 1.2755334691153919
1857.97, 799.734, 1.2746780327513205
1856.18, 798.46, 1.2738226081793882
1854.4, 797.186, 1.2729671847124913
1852.62, 795.914, 1.2721117515591565
1850.84, 794.642, 1.2712562978213446
1849.06, 793.371, 1.2704008124917980
1847.28, 792.101, 1.2695452844513215
1845.5, 790.832, 1.2686897024662001
1843.73, 789.564, 1.2678340551853586
1841.95, 788.297, 1.2669783311375284
1840.17, 787.03, 1.2661225187283678
1838.4, 785.764, 1.2652666062374913
1836.62, 784.5, 1.2644105818150806
1834.85, 783.236, 1.2635544334790920
1833.07, 781.973, 1.2626981491119680
1831.3, 780.71, 1.2618417164569478
1829.53, 779.449, 1.2609851231148717
1827.76, 778.188, 1.2601283565405805
1825.98, 776.929, 1.2592714040394075
1824.21, 775.67, 1.2584142527630169
1822.44, 774.412, 1.2575568897059761
1820.67, 773.155, 1.2566993017014987
1818.9, 771.899, 1.2558414754174516
1817.13, 770.643, 1.2549833973520326
1815.36, 769.389, 1.2541250538296096
1813.59, 768.135, 1.2532664309960371
1811.82, 766.882, 1.2524075148139855
1810.05, 765.63, 1.2515482910583857
1808.29, 764.379, 1.2506887453114934
1806.52, 763.129, 1.2498288629574299
1804.75, 761.879, 1.2489686291777455
1802.98, 760.631, 1.2481080289449988
1801.21, 759.383, 1.2472470470180201
1799.45, 758.136, 1.2463856679357741
1797.68, 756.891, 1.2455238760114655
1795.91, 755.645, 1.2446616553263672
1794.14, 754.401, 1.2437989897241049
1792.37, 753.158, 1.2429358628025728
1790.6, 751.915, 1.2420722579088681
1788.84, 750.674, 1.2412081581317069
1787.07, 749.433, 1.2403435462930879
1785.3, 748.193, 1.2394784049430390
1783.53, 746.954, 1.2386127163497276
1781.76, 745.716, 1.2377464624926426
1779.99, 744.479, 1.2368796250539587
1778.22, 743.242, 1.2360121854100456
1776.45, 742.007, 1.2351441246222139
1774.68, 740.772, 1.2342754234282192
1772.91, 739.538, 1.2334060622318856
1771.14, 738.305, 1.2325360210934950
1769.36, 737.073, 1.2316652797204146
1767.59, 735.842, 1.2307938174544990
1765.82, 734.612, 1.2299216132628437
1764.04, 733.382, 1.2290486457256060
1762.27, 732.154, 1.2281748930237550
1760.49, 730.926, 1.2273003329274990
1758.72, 729.699, 1.2264249427826985
1756.94, 728.473, 1.2255486994978404
1755.16, 727.248, 1.2246715795301981
1753.38, 726.024, 1.2237935588714557
1751.6, 724.801, 1.2229146130316229
1749.82, 723.578, 1.2220347170255326
1748.04, 722.357, 1.2211538453546993
1746.25, 721.136, 1.2202719719911934
1744.47, 719.916, 1.2193890703591801
1742.68, 718.697, 1.2185051133178555
1740.89, 717.479, 1.2176200731410547
1739.11, 716.262, 1.2167339214978488
1737.32, 715.046, 1.2158466294314894
1735.52, 713.83, 1.2149581673374561
1733.73, 712.616, 1.2140685049409758
1731.94, 711.402, 1.2131776112730344
1730.14, 710.19, 1.2122854546454522
1728.34, 708.978, 1.2113920026252512
1726.54, 707.767, 1.2104972220069208
1724.74, 706.557, 1.2096010787846339
1722.94, 705.348, 1.2087035381215734
1721.13, 704.14, 1.2078045643196262
1719.32, 702.932, 1.2069041207860038
1717.51, 701.726, 1.2060021699993391
1715.7, 700.52, 1.2050986734734874
1713.89, 699.316, 1.2041935917199424
1712.07, 698.112, 1.2032868842077289
1710.25, 696.909, 1.2023785093226778
1708.43, 695.707, 1.2014684243224365
1706.61, 694.507, 1.2005565852913878
1704.78, 693.306, 1.1996429470915286
1702.95, 692.107, 1.1987274633117748
1701.12, 690.909, 1.1978100862139516
1699.28, 689.712, 1.1968907666763231
1697.44, 688.515, 1.1959694541332739
1695.6, 687.32, 1.1950460965129805
1693.76, 686.125, 1.1941206401696973
1691.91, 684.932, 1.1931930298140583
1690.06, 683.739, 1.1922632084381233
1688.2, 682.547, 1.1913311172367711
1686.34, 681.357, 1.1903966955232930
1684.48, 680.167, 1.1894598806417813
1682.61, 678.978, 1.1885206078726001
1680.74, 677.79, 1.1875788103327749
1678.87, 676.603, 1.1866344188693465
1676.99, 675.417, 1.1856873619487540
1675.1, 674.231, 1.1847375655336543
1673.21, 673.047, 1.1837849529578199
1671.32, 671.864, 1.1828294447892129
1669.42, 670.682, 1.1818709586845206
1667.52, 669.5, 1.1809094092342227
1665.61, 668.32, 1.1799447077968219
1663.69, 667.141, 1.1789767623214589
1661.78, 665.962, 1.1780054771578916
1659.85, 664.785, 1.1770307528530910
1657.92, 663.608, 1.1760524859320511
1655.98, 662.433, 1.1750705686640892
1654.04, 661.258, 1.1740848888086994
1652.08, 660.085, 1.1730953293447919
1650.13, 658.912, 1.1721017681769899
1648.16, 657.741, 1.1711040778186133
1646.19, 656.57, 1.1701021250503807
1644.21, 655.401, 1.1690957705487353
1642.22, 654.232, 1.1680848684856329
1640.22, 653.065, 1.1670692660920194
1638.22, 651.898, 1.1660488031841403
1636.21, 650.733, 1.1650233116485065
1634.18, 649.568, 1.1639926148791140
1632.15, 648.405, 1.1629565271632873
1630.11, 647.243, 1.1619148530107928
1628.06, 646.081, 1.1608673864164141
1625.99, 644.921, 1.1598139100527194
1623.92, 643.762, 1.1587541943799351
1621.83, 642.604, 1.1576879966662370
1619.73, 641.447, 1.1566150599049094
1617.62, 640.291, 1.1555351116158703
1615.5, 639.136, 1.1544478625159946
1613.36, 637.982, 1.1533530050403662
1611.21, 636.829, 1.1522502116937468
1609.04, 635.678, 1.1511391332077461
1606.86, 634.527, 1.1500193964758496
1604.66, 633.378, 1.1488906022319367
1602.44, 632.23, 1.1477523224338171
1600.21, 631.083, 1.1466040973034959
1597.95, 629.937, 1.1454454319695775
1595.68, 628.792, 1.1442757926440887
1593.38, 627.649, 1.1430946022534554
1591.06, 626.506, 1.1419012354256135
1588.72, 625.365, 1.1406950127155087
1586.36, 624.225, 1.1394751939233356
1583.96, 623.086, 1.1382409703273242
1581.54, 621.949, 1.1369914556097875
1579.09, 620.813, 1.1357256752007177
1576.6, 619.678, 1.1344425536917366
1574.08, 618.544, 1.1331408998820851
1571.53, 617.412, 1.1318193888940677
1568.93, 616.281, 1.1304765406368256
1566.29, 615.151, 1.1291106936748772
1563.6, 614.023, 1.1277199732659946
1560.87, 612.897, 1.1263022519202641
1558.07, 611.771, 1.1248551002677794
1555.22, 610.647, 1.1233757252132299
1552.3, 609.525, 1.1218608912042138
1549.31, 608.404, 1.1203068187538938
1546.23, 607.285, 1.1187090518604028
1543.06, 606.167, 1.1170622821924965
1539.78, 605.052, 1.1153601121031287
1536.39, 603.938, 1.1135947294251591
1532.86, 602.825, 1.1117564524705310
1529.16, 601.715, 1.1098330801091507
1525.28, 600.607, 1.1078089436303493
1521.16, 599.5, 1.1056634965837131
1516.76, 598.397, 1.1033691937009751
1512.01, 597.295, 1.1008883483651477
1506.8, 596.197, 1.0981689690242082
1287.25, 595.16, 0.98349349385073259
1284.23, 594.186, 0.98192013446871540
1281.49, 593.212, 0.98049413570266020
1278.97, 592.239, 0.97918000786829862
1276.63, 591.267, 0.97795454662528991
1274.42, 590.295, 0.97680163827961886
1272.33, 589.323, 0.97570958643287797
1270.34, 588.353, 0.97466961059238810
1268.44, 587.383, 0.97367494572056956
1266.62, 586.413, 0.97272027417581353
1264.86, 585.445, 0.97180135319453187
1263.17, 584.477, 0.97091476377641772
1261.54, 583.509, 0.97005773908685411
1259.96, 582.542, 0.96922804846792321
1258.43, 581.576, 0.96842392451008552
1256.94, 580.61, 0.96764402995510268
1255.51, 579.645, 0.96688747356329974
1254.11, 578.681, 0.96615391199886702
1252.76, 577.716, 0.96544387255359843
1251.47, 576.753, 0.96476002786401804
1250.24, 575.789, 0.96411287590614214
1249.03, 574.827, 0.96347502550911612
1247.82, 573.865, 0.96283756179841629
1246.62, 572.903, 0.96220050457798434
1245.41, 571.942, 0.96156387610661587
1244.21, 570.982, 0.96092770166301789
1243.01, 570.022, 0.96029201032067135
1241.81, 569.063, 0.95965683605023788
1240.61, 568.105, 0.95902221935553844
1239.41, 567.147, 0.95838820983853124
1238.22, 566.19, 0.95775487052456176
1237.03, 565.233, 0.95712228593269366
1235.84, 564.278, 0.95649057963233819
1234.65, 563.322, 0.95585996436089982
1233.47, 562.368, 0.95523109619599844
1232.29, 561.414, 0.95460393492152051
1231.11, 560.46, 0.95397684704925145
1229.93, 559.507, 0.95334984450252935
1228.75, 558.555, 0.95272294074001151
1227.58, 557.604, 0.95209615107148571
1226.4, 556.653, 0.95146949307103867
1225.23, 555.703, 0.95084298713083626
1224.05, 554.753, 0.95021665722290860
1222.88, 553.804, 0.94959053198170051
1221.71, 552.855, 0.94896464630460042
1220.54, 551.908, 0.94833904384101808
1219.37, 550.96, 0.94771378112634741
1218.2, 550.014, 0.94708893509969949
1217.03, 549.068, 0.94646461873175081
1215.87, 548.122, 0.94584102168423811
1214.71, 547.177, 0.94521858948405968
1213.55, 546.233, 0.94459824073955656
1212.4, 545.289, 0.94397782392433516
1211.24, 544.346, 0.94335714865792519
1210.08, 543.404, 0.94273621403984964
1208.93, 542.462, 0.94211501917034057
1207.77, 541.521, 0.94149356314971455
1206.62, 540.58, 0.94087184507895927
1205.46, 539.641, 0.94024986405960709
1204.31, 538.701, 0.93962761919326510
1203.15, 537.763, 0.93900510958238981
1202, 536.825, 0.93838233432931017
1200.84, 535.887, 0.93775929253751167
1199.69, 534.95, 0.93713598331050318
1198.53, 534.014, 0.93651240575224803
1197.38, 533.079, 0.93588855896721312
1196.22, 532.144, 0.93526444206040904
1195.07, 531.209, 0.93464005413677675
1193.92, 530.276, 0.93401539430246827
1192.76, 529.342, 0.93339046166354589
1191.61, 528.41, 0.93276525532662480
1190.45, 527.478, 0.93213977439884399
1189.3, 526.547, 0.93151401798769173
1188.15, 525.616, 0.93088798520092497
1186.99, 524.687, 0.93026167514721347
1185.84, 523.757, 0.92963508693518393
1184.69, 522.829, 0.92900821967406633
1183.53, 521.901, 0.92838107247363044
1182.38, 520.973, 0.92775364444390362
1181.23, 520.046, 0.92712593469544236
1180.08, 519.12, 0.92649794233929916
1178.92, 518.195, 0.92586966648658586
1177.77, 517.27, 0.92524110624958411
1176.62, 516.345, 0.92461226074019964
1175.47, 515.422, 0.92398312907127100
1174.31, 514.499, 0.92335371035589164
1173.16, 513.576, 0.92272400370761309
1172.01, 512.655, 0.92209400824043375
1170.86, 511.733, 0.92146372306873292
1169.71, 510.813, 0.92083314730738652
1168.55, 509.893, 0.92020228007162830
1167.4, 508.974, 0.91957112047716882
1166.25, 508.055, 0.91893966763997370
1165.1, 507.137, 0.91830792067709122
1163.95, 506.22, 0.91767587870493739
1162.8, 505.303, 0.91704354084096695
1161.65, 504.387, 0.91641090620348920
1160.5, 503.472, 0.91577797391027604
1159.34, 502.557, 0.91514474308018079
1158.19, 501.643, 0.91451121283223347
1157.04, 500.729, 0.91387738228599502
1155.89, 499.816, 0.91324325056138245
1154.74, 498.904, 0.91260881677941708
1153.59, 497.992, 0.91197408005930780
1152.44, 497.081, 0.91133903952371587
1151.29, 496.171, 0.91070369429372788
1150.14, 495.261, 0.91006804349148518
1148.99, 494.352, 0.90943208623954674
1147.84, 493.444, 0.90879582166072093
1146.69, 492.536, 0.90815924887825028
1145.54, 491.629, 0.90752236701604494
1144.39, 490.722, 0.90688517519814904
1143.24, 489.816, 0.90624767254917205
1142.09, 488.911, 0.90560985819411188
1140.94, 488.006, 0.90497173125843799
1139.79, 487.102, 0.90433329086777325
1138.64, 486.199, 0.90369453614860351
1137.49, 485.296, 0.90305546622748356
1136.34, 484.394, 0.90241608023158604
1135.2, 483.493, 0.90177637728819693
1134.05, 482.592, 0.90113635652546764
1132.9, 481.692, 0.90049601707138749
1131.75, 480.792, 0.89985535805499395
1130.6, 479.893, 0.89921437860540587
1129.45, 478.995, 0.89857307785204699
1128.3, 478.097, 0.89793145492497639
1127.15, 477.2, 0.89728950895453830
1126, 476.304, 0.89664723907158295
1124.85, 475.408, 0.89600464440715488
1123.71, 474.513, 0.89536172409304982
1122.56, 473.619, 0.89471847726108777
1121.41, 472.725, 0.89407490304387671
1120.26, 471.832, 0.89343100057413949
1119.11, 470.94, 0.89278676898521203
1117.96, 470.048, 0.89214220741051409
1116.82, 469.157, 0.89149731498441898
1115.67, 468.266, 0.89085209084092876
1114.52, 467.376, 0.89020653411533579
1113.37, 466.487, 0.88956064394263046
1112.22, 465.598, 0.88891441945855387
1111.08, 464.71, 0.88826785979914369
1109.93, 463.823, 0.88762096410095936
1108.78, 462.937, 0.88697373150051950
1107.63, 462.05, 0.88632616113538920
1106.48, 461.165, 0.88567825214329066
1105.34, 460.28, 0.88503000366164974
1104.19, 459.396, 0.88438141482966903
1103.04, 458.513, 0.88373248478575894
1101.89, 457.63, 0.88308321266919299
1100.75, 456.748, 0.88243359761963047
1099.6, 455.867, 0.88178363877703636
1098.45, 454.986, 0.88113333528173599
1097.3, 454.106, 0.88048268627481174
1096.16, 453.226, 0.87983169089690083
1095.01, 452.347, 0.87918034828996205
1093.86, 451.469, 0.87852865759597232
1092.71, 450.591, 0.87787661795672056
1091.57, 449.715, 0.87722422851548898
1090.42, 448.838, 0.87657148841511912
1089.27, 447.963, 0.87591839679906724
1088.13, 447.088, 0.87526495281117200
1086.98, 446.213, 0.87461115559572244
1085.83, 445.34, 0.87395700429707057
1084.68, 444.467, 0.87330249806069660
1083.54, 443.594, 0.87264763603153706
1082.39, 442.723, 0.87199241735503308
1081.24, 441.852, 0.87133684117777099
1080.1, 440.981, 0.87068090664603670
1078.95, 440.112, 0.87002461290659017
1077.8, 439.243, 0.86936795910649534
1076.66, 438.374, 0.86871094439355845
1075.51, 437.506, 0.86805356791545252
1074.36, 436.639, 0.86739582882051092
1073.22, 435.773, 0.86673772625734258
1072.07, 434.907, 0.86607925937483643
1070.92, 434.042, 0.86542042732257141
1069.78, 433.178, 0.86476122924984600
1068.63, 432.314, 0.86410166430700697
1067.48, 431.451, 0.86344173164417515
1066.34, 430.588, 0.86278143041227384
1065.19, 429.726, 0.86212075976221858
1064.04, 428.865, 0.86145971884548811
1062.9, 428.005, 0.86079830681380642
1061.75, 427.145, 0.86013652281906594
1060.6, 426.286, 0.85947436601422533
1059.46, 425.427, 0.85881183555149354
1058.31, 424.569, 0.85814893058412323
1057.16, 423.712, 0.85748565026556556
1056.02, 422.855, 0.85682199374942380
1054.87, 422, 0.85615796018989077
1053.73, 421.144, 0.85549354874127725
1052.58, 420.29, 0.85482875855829277
1051.43, 419.436, 0.85416358879595788
1050.29, 418.583, 0.85349803860954299
1049.14, 417.73, 0.85283210715476931
1047.99, 416.878, 0.85216579358738609
1046.85, 416.027, 0.85149909706381244
1045.7, 415.177, 0.85083201674065467
1044.55, 414.327, 0.85016455177458916
1043.41, 413.477, 0.84949670132281629
1042.26, 412.629, 0.84882846454275318
1041.12, 411.781, 0.84815984059213678
1039.97, 410.934, 0.84749082862895542
1038.82, 410.087, 0.84682142781149683
1037.68, 409.241, 0.84615163729842258
1036.53, 408.396, 0.84548145624839255
1035.38, 407.552, 0.84481088382064240
1034.24, 406.708, 0.84413991917456421
1033.09, 405.864, 0.84346856146975968
1031.95, 405.022, 0.84279680986618966
1030.8, 404.18, 0.84212466352399573
1029.65, 403.339, 0.84145212160364247
1028.51, 402.498, 0.84077918326571166
1027.36, 401.658, 0.84010584767123919
1026.21, 400.819, 0.83943211398131923
1025.07, 399.981, 0.83875798135745128
1023.92, 399.143, 0.83808344896115405
1022.78, 398.306, 0.83740851595433541
1021.63, 397.469, 0.83673318149912934
1020.48, 396.633, 0.83605744475780841
1019.34, 395.798, 0.83538130489293216
1018.19, 394.964, 0.83470476106724034
1017.04, 394.13, 0.83402781244368795
1015.9, 393.297, 0.83335045818541109
1014.75, 392.465, 0.83267269745585348
1013.61, 391.633, 0.83199452941847163
1012.46, 390.802, 0.83131595323704921
1011.31, 389.971, 0.83063696807551846
1010.17, 389.142, 0.82995757309794693
1009.02, 388.312, 0.82927776746865511
1007.87, 387.484, 0.82859755035204130
1006.73, 386.656, 0.82791692091275781
1005.58, 385.829, 0.82723587831556944
1004.43, 385.003, 0.82655442172537086
1003.29, 384.177, 0.82587255030723972
1002.14, 383.352, 0.82519026322639255
1000.99, 382.528, 0.82450755964810496
999.848, 381.705, 0.82382443873798739
998.702, 380.882, 0.82314089966150050
997.555, 380.059, 0.82245694158443805
996.409, 379.238, 0.82177256367270346
995.262, 378.417, 0.82108776509179382
994.116, 377.597, 0.82040254500823484
992.969, 376.777, 0.81971690258790897
991.822, 375.958, 0.81903083699708057
990.676, 375.14, 0.81834434740212159
989.529, 374.323, 0.81765743296903248
988.382, 373.506, 0.81697009286455269
987.236, 372.69, 0.81628232625512598
986.089, 371.874, 0.81559413230715361
984.942, 371.06, 0.81490551018728397
983.795, 370.246, 0.81421645906204243
982.649, 369.432, 0.81352697809816177
981.502, 368.62, 0.81283706646218590
980.355, 367.808, 0.81214672332080784
979.208, 366.996, 0.81145594784072117
978.061, 366.186, 0.81076473918854530
976.914, 365.376, 0.81007309653096038
975.767, 364.567, 0.80938101903460113
974.621, 363.758, 0.80868850586604835
973.474, 362.95, 0.80799555619167462
972.327, 362.143, 0.80730216917856557
971.179, 361.337, 0.80660834399271186
970.032, 360.531, 0.80591407980048846
968.885, 359.726, 0.80521937576848468
967.738, 358.921, 0.80452423106270232
966.591, 358.118, 0.80382864484947714
965.444, 357.315, 0.80313261629484289
964.297, 356.512, 0.80243614456462964
963.149, 355.711, 0.80173922882479298
962.002, 354.91, 0.80104186824100432
960.855, 354.11, 0.80034406197882269
959.707, 353.31, 0.79964580920363959
958.56, 352.511, 0.79894710908071731
957.413, 351.713, 0.79824796077516091
956.265, 350.916, 0.79754836345183100
955.118, 350.119, 0.79684831627547092
953.97, 349.323, 0.79614781841056681
952.823, 348.528, 0.79544686902143424
951.675, 347.733, 0.79474546727212025
950.527, 346.939, 0.79404361232647735
949.38, 346.146, 0.79334130334807518
948.232, 345.353, 0.79263853950023744
947.084, 344.562, 0.79193531994604671
945.936, 343.77, 0.79123164384824707
944.789, 342.98, 0.79052751036932545
943.641, 342.19, 0.78982291867145127
942.493, 341.401, 0.78911786791643856
941.345, 340.613, 0.78841235726585457
940.197, 339.825, 0.78770638588082387
939.049, 339.038, 0.78699995292216474
937.901, 338.252, 0.78629305755034062
936.753, 337.467, 0.78558569892534325
935.605, 336.682, 0.78487787620689686
934.456, 335.898, 0.78416958855418017
933.308, 335.114, 0.78346083512601095
932.16, 334.332, 0.78275161508075963
931.011, 333.55, 0.78204192757633351
929.863, 332.768, 0.78133177177016722
928.715, 331.988, 0.78062114681922601
927.566, 331.208, 0.77991005187994322
926.418, 330.429, 0.77919848610827991
925.269, 329.65, 0.77848644865959882
924.121, 328.872, 0.77777393868881151
922.972, 328.095, 0.77706095535015041
921.823, 327.319, 0.77634749779739820
920.675, 326.543, 0.77563356518362003
919.526, 325.769, 0.77491915666131406
918.377, 324.994, 0.77420427138244918
917.228, 324.221, 0.77348890849815710
916.079, 323.448, 0.77277306715907912
914.93, 322.676, 0.77205674651506528
913.781, 321.905, 0.77133994571536890
912.632, 321.134, 0.77062266390839318
911.483, 320.364, 0.76990490024195868
910.334, 319.595, 0.76918665386301444
909.184, 318.826, 0.76846792391780172
908.035, 318.059, 0.76774870955177654
906.886, 317.292, 0.76702900990955181
905.736, 316.525, 0.76630882413496293
904.587, 315.76, 0.76558815137092195
903.438, 314.995, 0.76486699075956366
902.288, 314.231, 0.76414534144210033
901.138, 313.467, 0.76342320255878027
899.989, 312.704, 0.76270057324905161
898.839, 311.942, 0.76197745265133432
897.689, 311.181, 0.76125383990305684
896.539, 310.42, 0.76052973414074021
895.39, 309.661, 0.75980513449982057
894.24, 308.901, 0.75908004011473473
893.09, 308.143, 0.75835445011895597
891.94, 307.385, 0.75762836364455688
890.79, 306.628, 0.75690177982298301
889.639, 305.872, 0.75617469778422342
888.489, 305.117, 0.75544711665725039
887.339, 304.362, 0.75471903556979392
886.189, 303.608, 0.75399045364850670
885.038, 302.854, 0.75326137001870397
883.888, 302.102, 0.75253178380454344
882.737, 301.35, 0.75180169412887332
881.587, 300.599, 0.75107110011333200
880.436, 299.848, 0.75034000087813169
879.285, 299.098, 0.74960839554223135
878.135, 298.349, 0.74887628322316491
876.984, 297.601, 0.74814366303715296
875.833, 296.854, 0.74741053409895875
874.682, 296.107, 0.74667689552189942
873.531, 295.361, 0.74594274641779645
872.38, 294.615, 0.74520808589702880
871.229, 293.871, 0.74447291306844998
870.078, 293.127, 0.74373722703931366
868.926, 292.384, 0.74300102691521097
867.775, 291.641, 0.74226431180065100
866.624, 290.899, 0.74152708079764384
865.472, 290.158, 0.74078933300723104
864.321, 289.418, 0.74005106752841243
863.169, 288.679, 0.73931228345860589
862.017, 287.94, 0.73857297989345472
860.866, 287.202, 0.73783315592662457
859.714, 286.465, 0.73709281065065857
858.562, 285.728, 0.73635194315523600
857.41, 284.992, 0.73561055252886398
856.258, 284.257, 0.73486863785787704
855.106, 283.523, 0.73412619822681313
853.954, 282.789, 0.73338323271814254
852.802, 282.056, 0.73263974041236357
851.65, 281.324, 0.73189572038791917
850.497, 280.593, 0.73115117172120381
849.345, 279.862, 0.73040609348687058
848.192, 279.132, 0.72966048475592404
847.04, 278.403, 0.72891434459958038
845.887, 277.675, 0.72816767208497801
844.735, 276.947, 0.72742046627789059
843.582, 276.22, 0.72667272624144819
842.429, 275.494, 0.72592445103661007
841.276, 274.768, 0.72517563972199384
840.123, 274.044, 0.72442629135386916
838.97, 273.32, 0.72367640498568997
837.817, 272.596, 0.72292597966913597
836.664, 271.874, 0.72217501445291266
835.511, 271.152, 0.72142350838334546
834.357, 270.431, 0.72067146050412145
833.204, 269.711, 0.71991886985635323
832.051, 268.992, 0.71916573547854246
830.897, 268.273, 0.71841205640642281
829.743, 267.555, 0.71765783167324393
828.59, 266.838, 0.71690306030870943
827.436, 266.121, 0.71614774134092851
826.282, 265.405, 0.71539187379412872
825.128, 264.69, 0.71463545669029094
823.974, 263.976, 0.71387848904795104
822.82, 263.263, 0.71312096988354756
821.666, 262.55, 0.71236289820859511
820.512, 261.838, 0.71160427303407225
819.357, 261.127, 0.71084509336615964
818.203, 260.416, 0.71008535820837571
817.048, 259.706, 0.70932506656110306
815.894, 258.997, 0.70856421742119713
814.739, 258.289, 0.70780280978264520
813.584, 257.582, 0.70704084263586287
812.43, 256.875, 0.70627831496793081
811.275, 256.169, 0.70551522576256642
810.12, 255.464, 0.70475157399988564
808.965, 254.76, 0.70398735865670514
807.81, 254.056, 0.70322257870615168
806.654, 253.353, 0.70245723311774133
805.499, 252.651, 0.70169132085737296
804.344, 251.949, 0.70092484088741391
803.188, 251.249, 0.70015779216612695
802.033, 250.549, 0.69939017364824707
800.877, 249.85, 0.69862198428457434
799.721, 249.152, 0.69785322302205710
798.565, 248.454, 0.69708388880365946
797.409, 247.757, 0.69631398056845040
796.253, 247.061, 0.69554349725114939
795.097, 246.366, 0.69477243778280962
793.941, 245.671, 0.69400080109009266
792.785, 244.978, 0.69322858609536664
791.629, 244.285, 0.69245579171706662
790.472, 243.592, 0.69168241686901211
789.316, 242.901, 0.69090846046079857
788.159, 242.21, 0.69013392139761409
787.002, 241.52, 0.68935879858017501
785.846, 240.831, 0.68858309090465541
784.689, 240.143, 0.68780679726266503
783.532, 239.455, 0.68702991654123913
782.375, 238.768, 0.68625244762268478
781.217, 238.082, 0.68547438938445282
780.06, 237.397, 0.68469574069950534
778.903, 236.712, 0.68391650043566954
777.745, 236.029, 0.68313666745599555
776.588, 235.346, 0.68235624061854960
775.43, 234.664, 0.68157521877634575
774.273, 233.982, 0.68079360077746176
773.115, 233.302, 0.68001138546463358
771.957, 232.622, 0.67922857167555406
770.799, 231.943, 0.67844515824262119
769.641, 231.264, 0.67766114399295629
768.482, 230.587, 0.67687652774818985
767.324, 229.91, 0.67609130832483488
766.166, 229.234, 0.67530548453353911
765.007, 228.559, 0.67451905517964650
763.849, 227.884, 0.67373201906285862
762.69, 227.211, 0.67294437497719384
761.531, 226.538, 0.67215612171095951
760.372, 225.866, 0.67136725804668251
759.213, 225.194, 0.67057778276105895
758.054, 224.524, 0.66978769462487153
756.895, 223.854, 0.66899699240297616
755.735, 223.185, 0.66820567485410476
754.576, 222.517, 0.66741374073106685
753.416, 221.85, 0.66662118878040078
752.257, 221.183, 0.66582801774254419
751.097, 220.517, 0.66503422635157738
749.937, 219.852, 0.66423981333527427
748.777, 219.188, 0.66344477741509855
747.617, 218.525, 0.66264911730606602
746.457, 217.862, 0.66185283171638731
745.297, 217.2, 0.66105591934838093
744.136, 216.539, 0.66025837889678041
742.976, 215.879, 0.65946020905061287
741.815, 215.219, 0.65866140849149613
740.654, 214.561, 0.65786197589457840
739.493, 213.903, 0.65706190992800539
738.332, 213.246, 0.65626120925262454
737.171, 212.589, 0.65545987252320403
736.01, 211.934, 0.65465789838652333
734.849, 211.279, 0.65385528548288152
733.687, 210.625, 0.65305203244519960
732.526, 209.972, 0.65224813789892155
731.364, 209.32, 0.65144360046272975
730.202, 208.668, 0.65063841874742945
729.04, 208.018, 0.64983259135684879
727.878, 207.368, 0.64902611688713829
726.716, 206.718, 0.64821899392698745
725.554, 206.07, 0.64741122105751170
724.392, 205.423, 0.64660279685214306
723.229, 204.776, 0.64579371987668976
722.066, 204.13, 0.64498398868945295
720.904, 203.485, 0.64417360184043093
719.741, 202.84, 0.64336255787230701
718.578, 202.197, 0.64255085531953449
717.415, 201.554, 0.64173849270875349
716.251, 200.912, 0.64092546855872379
715.088, 200.271, 0.64011178137988978
713.925, 199.631, 0.63929742967490677
712.761, 198.991, 0.63848241193809130
711.597, 198.353, 0.63766672665605939
710.433, 197.715, 0.63685037230562069
709.269, 197.078, 0.63603334735761552
708.105, 196.442, 0.63521565027336835
706.941, 195.806, 0.63439727950562652
705.776, 195.172, 0.63357823349927733
704.612, 194.538, 0.63275851069058187
703.447, 193.905, 0.63193810950733309
702.282, 193.272, 0.63111702836893901
701.117, 192.641, 0.63029526568624994
699.952, 192.011, 0.62947281986149506
698.787, 191.381, 0.62864968928856335
697.621, 190.752, 0.62782587235241805
696.456, 190.124, 0.62700136742979040
695.29, 189.496, 0.62617617288845695
694.124, 188.87, 0.62535028708763074
692.958, 188.244, 0.62452370837802051
691.792, 187.619, 0.62369643510163297
690.626, 186.995, 0.62286846559133446
689.459, 186.372, 0.62203979817207944
688.293, 185.75, 0.62121043115963004
687.126, 185.128, 0.62038036286116782
685.959, 184.508, 0.61954959157522993
684.792, 183.888, 0.61871811559175138
683.625, 183.269, 0.61788593319190255
682.458, 182.65, 0.61705304264824501
681.29, 182.033, 0.61621944222483915
680.122, 181.416, 0.61538513017702101
678.955, 180.8, 0.61455010475182326
677.787, 180.185, 0.61371436418746628
676.619, 179.571, 0.61287790671391607
675.45, 178.958, 0.61204073055267239
674.282, 178.346, 0.61120283391691210
673.113, 177.734, 0.61036421501140237
671.945, 177.123, 0.60952487203285100
670.776, 176.513, 0.60868480316974716
669.607, 175.904, 0.60784400660255478
668.437, 175.296, 0.60700248050363048
667.268, 174.688, 0.60616022303758454
666.098, 174.081, 0.60531723236116497
664.929, 173.476, 0.60447350662369737
663.759, 172.871, 0.60362904396662653
662.589, 172.267, 0.60278384252425643
661.418, 171.663, 0.60193790042353712
660.248, 171.061, 0.60109121578439806
659.077, 170.459, 0.60024378671974998
657.906, 169.858, 0.59939561133584840
656.735, 169.258, 0.59854668773228670
655.564, 168.659, 0.59769701400245057
654.393, 168.061, 0.59684658823346537
653.221, 167.464, 0.59599540850648147
652.05, 166.867, 0.59514347289723413
650.878, 166.271, 0.59429077947584819
649.706, 165.676, 0.59343732630740798
648.534, 165.082, 0.59258311145220688
647.361, 164.489, 0.59172813296598004
646.189, 163.897, 0.59087238890030369
645.016, 163.305, 0.59001587730295202
643.843, 162.715, 0.58915859621827349
642.67, 162.125, 0.58830054368755702
641.496, 161.536, 0.58744171774948772
640.323, 160.948, 0.58658211644061964
639.149, 160.361, 0.58572173779577208
637.975, 159.774, 0.58486057984863427
636.801, 159.189, 0.58399864063222962
635.627, 158.604, 0.58313591817953037
634.452, 158.02, 0.58227241052401157
633.277, 157.437, 0.58140811570031870
632.102, 156.855, 0.58054303174512356
630.927, 156.274, 0.57967715669745468
629.752, 155.693, 0.57881048859947248
628.576, 155.114, 0.57794302549803933
627.401, 154.535, 0.57707476544466629
626.225, 153.957, 0.57620570649675940
625.048, 153.38, 0.57533584671867422
623.872, 152.804, 0.57446518418265968
622.695, 152.229, 0.57359371696993011
621.519, 151.655, 0.57272144317184204
620.342, 151.081, 0.57184836089115554
619.164, 150.509, 0.57097446824328213
617.987, 149.937, 0.57009976335774015
616.809, 149.366, 0.56922424437954722
615.632, 148.796, 0.56834790947090807
614.453, 148.227, 0.56747075681282666
613.275, 147.658, 0.56659278460689499
612.097, 147.091, 0.56571399107731035
610.918, 146.524, 0.56483437447274820
609.739, 145.959, 0.56395393306873931
608.56, 145.394, 0.56307266516986587
607.381, 144.83, 0.56219056911234255
606.201, 144.267, 0.56130764326682747
605.021, 143.705, 0.56042388604096804
603.841, 143.143, 0.55953929588281748
602.661, 142.583, 0.55865387128429977
601.48, 142.023, 0.55776761078427695
600.3, 141.465, 0.55688051297294716
599.119, 140.907, 0.55599257649590506
597.938, 140.35, 0.55510380005855120
596.756, 139.794, 0.55421418243120812
595.575, 139.239, 0.55332372245435701
594.393, 138.685, 0.55243241904455898
593.211, 138.131, 0.55154027120054649
592.029, 137.579, 0.55064727801065250
590.846, 137.027, 0.54975343865992166
589.663, 136.476, 0.54885875243862425
588.48, 135.926, 0.54796321875143095
587.297, 135.378, 0.54706683712752546
586.114, 134.829, 0.54616960723161545
584.93, 134.282, 0.54527152887652341
583.747, 133.736, 0.54437260203679394
582.563, 133.191, 0.54347282686415854
581.378, 132.646, 0.54257220370472392
580.194, 132.102, 0.54167073311835146
579.009, 131.56, 0.54076841590054836
577.825, 131.018, 0.53986525310722777
576.64, 130.477, 0.53896124608318297
575.454, 129.937, 0.53805639649427461
574.269, 129.398, 0.53715070636507611
573.084, 128.86, 0.53624417812195457
571.898, 128.322, 0.53533681464407457
570.712, 127.786, 0.53442861932260877
569.526, 127.25, 0.53351959613191846
568.339, 126.716, 0.53260974971351227
567.153, 126.182, 0.53169908547902067
565.967, 125.649, 0.53078760973497963
564.78, 125.117, 0.52987532983800223
563.593, 124.586, 0.52896225438956579
562.406, 124.056, 0.52804839348492350
561.219, 123.527, 0.52713375903716730
560.032, 122.999, 0.52621836520879528
558.845, 122.472, 0.52530222900132439
557.658, 121.945, 0.52438537108821193
556.471, 121.42, 0.52346781703538070
555.284, 120.895, 0.52254959918405353
554.097, 120.371, 0.52163075974372941
552.91, 119.848, 0.52071135634131149
551.724, 119.327, 0.51979147333718001
550.538, 118.806, 0.51887125033445669
549.353, 118.286, 0.51795099666930955
548.169, 117.767, 0.51703148745081251
546.986, 117.249, 0.51611109014058165
545.802, 116.731, 0.51518952971439780
544.617, 116.215, 0.51426680172059669
543.432, 115.7, 0.51334290168945751
542.247, 115.185, 0.51241782513437872
541.06, 114.671, 0.51149156755209602
539.873, 114.159, 0.51056412442365751
538.686, 113.647, 0.50963549121537821
537.498, 113.136, 0.50870566337941636
536.309, 112.626, 0.50777463635515185
535.12, 112.117, 0.50684240556972870
533.93, 111.609, 0.50590896643931649
532.74, 111.102, 0.50497431437017359
531.549, 110.596, 0.50403844475984827
530.357, 110.091, 0.50310135299816294
529.165, 109.586, 0.50216303446888788
527.972, 109.083, 0.50122348455065857
526.778, 108.58, 0.50028269861894659
525.584, 108.079, 0.49934067204687582
524.39, 107.578, 0.49839740020745499
523.194, 107.078, 0.49745287847481229
521.998, 106.579, 0.49650710222638833
520.802, 106.082, 0.49556006684422338
519.604, 105.585, 0.49461176771728382
518.406, 105.089, 0.49366220024381147
517.208, 104.594, 0.49271135983247916
516.009, 104.099, 0.49175924190605647
514.809, 103.606, 0.49080584190272913
513.608, 103.114, 0.48985115527911066
512.407, 102.623, 0.48889517751286110
511.205, 102.132, 0.48793790410547927
510.003, 101.643, 0.48697933058518916
508.8, 101.154, 0.48601945251035533
507.596, 100.667, 0.48505826547244285
506.391, 100.18, 0.48409576509968300
505.186, 99.6948, 0.48313194706082707
503.98, 99.2101, 0.48216680706872977
502.774, 98.7264, 0.48120034088473096
501.566, 98.2436, 0.48023254432280388
500.359, 97.7618, 0.47926341325415944
499.15, 97.281, 0.47829294361201363
497.941, 96.8011, 0.47732113139667420
496.731, 96.3222, 0.47634797268088536
495.52, 95.8442, 0.47537346361544686
494.309, 95.3672, 0.47439760043535040
493.097, 94.8912, 0.47342037946577770
491.884, 94.4161, 0.47244179712911238
490.67, 93.942, 0.47146184995172757
489.456, 93.4689, 0.47048053457188443
488.241, 92.9967, 0.46949784774692005
487.026, 92.5255, 0.46851378636242880
485.809, 92.0553, 0.46752834744060817
484.592, 91.586, 0.46654152815002531
483.375, 91.1177, 0.46555332581525771
482.156, 90.6504, 0.46456373792780903
480.937, 90.1841, 0.46357276215724552
479.717, 89.7187, 0.46258039636316473
478.497, 89.2544, 0.46158663860790028
477.276, 88.791, 0.46059148717011761
476.054, 88.3285, 0.45959494055917727
474.831, 87.8671, 0.45859699753049515
473.608, 87.4067, 0.45759765710203709
472.384, 86.9472, 0.45659691857109863
471.159, 86.4887, 0.45559478153431426
469.933, 86.0313, 0.45459124590613570
468.707, 85.5748, 0.45358631194089510
467.481, 85.1193, 0.45257998025539409
466.253, 84.6648, 0.45157225185331984
465.025, 84.2112, 0.45056312815146371
463.796, 83.7587, 0.44955261100768235
462.566, 83.3072, 0.44854070275130747
461.336, 82.8567, 0.44752740621528903
460.105, 82.4072, 0.44651272477145132
458.874, 81.9586, 0.44549666236795393
457.642, 81.5111, 0.44447922357005193
456.409, 81.0646, 0.44346041360405658
455.176, 80.6191, 0.44244023840480501
453.942, 80.1746, 0.44141870466721284
452.707, 79.731, 0.44039581990224758
451.472, 79.2886, 0.43937159249762592
450.236, 78.8471, 0.43834603178381037
449, 78.4066, 0.43731914810658618
447.763, 77.9671, 0.43629095290534564
446.526, 77.5287, 0.43526145879946693
445.288, 77.0912, 0.43423067968282814
444.05, 76.6548, 0.43319863082756610
442.811, 76.2194, 0.43216532899834537
441.572, 75.785, 0.43113079257843162
440.332, 75.3516, 0.43009504170910373
439.092, 74.9193, 0.42905809844422027
437.852, 74.4879, 0.42801998692202503
436.611, 74.0576, 0.42698073355660587
435.37, 73.6283, 0.42594036725202461
434.129, 73.2, 0.42489891964229476
432.888, 72.7728, 0.42385642536147500
431.646, 72.3466, 0.42281292234856743
430.405, 71.9214, 0.42176845219304099
429.163, 71.4972, 0.42072306052796299
427.921, 71.074, 0.41967679747919517
426.68, 70.6519, 0.41862971818101230
425.439, 70.2308, 0.41758188337086755
424.198, 69.8107, 0.41653336007910691
422.957, 69.3917, 0.41548422243334665
421.717, 68.9737, 0.41443455260239292
420.477, 68.5567, 0.41338444191142920
419.238, 68.1407, 0.41233399216910560
418, 67.7258, 0.41128331725961920
416.762, 67.3119, 0.41023254506948087
415.526, 66.899, 0.40918181984212965
414.291, 66.4871, 0.40813130508652845
413.058, 66.0762, 0.40708118721355485
411.827, 65.6664, 0.40603168014406993
410.597, 65.2576, 0.40498303123814050
409.37, 64.8498, 0.40393552905844327
408.146, 64.443, 0.40288951374090975
406.925, 64.0372, 0.40184539117630541
405.708, 63.6324, 0.40080365294592663
404.496, 63.2286, 0.39976490528898317
403.289, 62.8257, 0.39872991293443855
402.089, 62.4239, 0.39769966888277214
400.897, 62.023, 0.39667551306572751
399.716, 61.623, 0.39565935296651350
398.548, 61.2239, 0.39465413047422654
397.4, 60.8256, 0.39366504071882175
396.287, 60.428, 0.39270450838605947
395.267, 60.0306, 0.39182282214446462
394.274, 59.6339, 0.39096320044204158
393.28, 59.2381, 0.39010231437593146
392.286, 58.8432, 0.38924015395511447
391.291, 58.4491, 0.38837670905059657
390.295, 58.0559, 0.38751196939288363
389.299, 57.6636, 0.38664592456951113
388.302, 57.2721, 0.38577856402187344
387.304, 56.8816, 0.38490987704357732
386.306, 56.4919, 0.38403985277662955
385.307, 56.103, 0.38316848020912553
384.307, 55.7151, 0.38229574817225487
383.307, 55.3281, 0.38142164533733486
382.305, 54.9419, 0.38054616021277382
381.303, 54.5566, 0.37966928114096288
380.301, 54.1722, 0.37879099629509599
379.297, 53.7887, 0.37791129367590909
378.293, 53.4061, 0.37703016110833637
377.288, 53.0244, 0.37614758623809447
376.282, 52.6435, 0.37526355652817600
375.276, 52.2636, 0.37437805925525308
374.269, 51.8846, 0.37349108150600513
373.26, 51.5064, 0.37260261017333635
372.251, 51.1292, 0.37171263195251458
371.241, 50.7528, 0.37082113333719985
370.231, 50.3774, 0.36992810061538300
369.219, 50.0028, 0.36903351986521160
368.206, 49.6292, 0.36813737695071497
367.193, 49.2565, 0.36723965751741372
366.179, 48.8847, 0.36634034698782947
365.163, 48.5137, 0.36543943055682376
364.147, 48.1437, 0.36453689318693366
363.13, 47.7747, 0.36363271960343346
362.112, 47.4065, 0.36272689428937360
361.093, 47.0392, 0.36181940148045039
360.073, 46.6729, 0.36091022515972077
359.052, 46.3075, 0.35999934905223030
358.029, 45.943, 0.35908675661942296
357.006, 45.5794, 0.35817243105344815
355.982, 45.2168, 0.35725635527129762
354.956, 44.8551, 0.35633851190877547
353.93, 44.4943, 0.35541888331430654
352.902, 44.1345, 0.35449745154256551
351.874, 43.7755, 0.35357419834793463
350.844, 43.4176, 0.35264910517776699
349.813, 43.0605, 0.35172215316546618
348.781, 42.7044, 0.35079332312336176
347.747, 42.3493, 0.34986259553538024
346.713, 41.995, 0.34892995054950693
345.677, 41.6418, 0.34799536797001979
344.64, 41.2894, 0.34705882724950460
343.601, 40.938, 0.34612030748062811
342.562, 40.5876, 0.34517978738766431
341.521, 40.2381, 0.34423724531777150
340.478, 39.8896, 0.34329265923201008
339.435, 39.542, 0.34234600669605719
338.39, 39.1954, 0.34139726487070809
337.343, 38.8498, 0.34044641050199442
336.295, 38.5051, 0.33949341991106419
335.246, 38.1614, 0.33853826898371914
334.195, 37.8186, 0.33758093315962923
333.541, 37.5085, 0.33701145068440780
333.117, 37.2171, 0.33666743877150362
332.686, 36.9257, 0.33631656892177397
332.248, 36.6342, 0.33595875404820941
331.804, 36.3426, 0.33559390615856738
331.352, 36.0509, 0.33522193634894643
330.893, 35.7592, 0.33484275479722281
330.427, 35.4675, 0.33445627075643719
329.954, 35.1757, 0.33406239254802300
329.474, 34.8839, 0.33366102755492605
328.986, 34.592, 0.33325208221456432
328.49, 34.3001, 0.33283546201164305
327.987, 34.0082, 0.33241107147076976
327.476, 33.7163, 0.33197881414889180
326.958, 33.4244, 0.33153859262750679
326.431, 33.1325, 0.33109030850463217
325.897, 32.8406, 0.33063386238652342
325.354, 32.5487, 0.33016915387909607
324.804, 32.2569, 0.32969608157904434
324.245, 31.9651, 0.32921454306460568
323.678, 31.6733, 0.32872443488597103
323.102, 31.3816, 0.32822565255527525
322.518, 31.09, 0.32771809053616152
321.925, 30.7984, 0.32720164223285642
321.323, 30.5069, 0.32667619997874847
320.713, 30.2155, 0.32614165502437820
320.093, 29.9242, 0.32559789752487378
319.465, 29.633, 0.32504481652662398
318.827, 29.3419, 0.32448229995345407
318.181, 29.051, 0.32391023459178658
317.524, 28.7602, 0.32332850607516833
316.859, 28.4695, 0.32273699886784496
316.184, 28.179, 0.32213559624737953
315.499, 27.8887, 0.32152418028628021
314.804, 27.5985, 0.32090263183250106
314.1, 27.3085, 0.32027083048877142
313.386, 27.0187, 0.31962865459066014
312.661, 26.7292, 0.31897598118327408
311.926, 26.4398, 0.31831268599649937
311.181, 26.1507, 0.31763864341867187
310.426, 25.8618, 0.31695372646857040
309.66, 25.5732, 0.31625780676561049
308.883, 25.2849, 0.31555075449810666
308.096, 24.9968, 0.31483243838946806
307.297, 24.709, 0.31410272566218617
306.488, 24.4215, 0.31336148199944736
305.667, 24.1344, 0.31260857150421206
304.836, 23.8476, 0.31184385665557790
303.992, 23.5611, 0.31106719826224066
303.138, 23.275, 0.31027845541284277
302.271, 22.9892, 0.30947748542299591
301.393, 22.7039, 0.30866414377874413
300.503, 22.4189, 0.30783828407621622
299.601, 22.1344, 0.30699975795720402
298.687, 21.8502, 0.30614841504037910
297.76, 21.5666, 0.30528410284783597
296.821, 21.2833, 0.30440666672664418
295.87, 21.0006, 0.30351594976504848
294.906, 20.7183, 0.30261179270293675
293.928, 20.4366, 0.30169403383618143
292.938, 20.1553, 0.30076250891440154
291.935, 19.8746, 0.29981705103169431
290.918, 19.5945, 0.29885749050978300
289.888, 19.3149, 0.29788365477314688
288.844, 19.0359, 0.29689536821537399
287.787, 18.7575, 0.29589245205627462
286.715, 18.4797, 0.29487472418895094
285.63, 18.2026, 0.29384199901614327
284.53, 17.9261, 0.29279408727502493
283.416, 17.6503, 0.29173079584958361
282.287, 17.3751, 0.29065192756964803
281.143, 17.1007, 0.28955728099554578
279.984, 16.8271, 0.28844665018725396
278.81, 16.5541, 0.28731982445687643
277.621, 16.282, 0.28617658810308838
276.416, 16.0106, 0.28501672012614598
275.196, 15.74, 0.28383999392187398
273.959, 15.4703, 0.28264617695293309
272.706, 15.2014, 0.28143503039547657
271.437, 14.9333, 0.28020630875916280
270.152, 14.6662, 0.27895975947824864
268.849, 14.4, 0.27769512247129585
267.529, 14.1347, 0.27641212966677065
266.192, 13.8704, 0.27511050449150798
264.837, 13.607, 0.27378996131874817
263.465, 13.3447, 0.27245020487205346
262.074, 13.0833, 0.27109092958104797
260.665, 12.8231, 0.26971181888448298
259.237, 12.5639, 0.26831254447558456
257.79, 12.3057, 0.26689276548413476
256.323, 12.0488, 0.26545212758903408
254.837, 11.7929, 0.26399026205440618
253.331, 11.5383, 0.26250678468143646
251.804, 11.2848, 0.26100129466720723
250.257, 11.0326, 0.25947337336069753
248.688, 10.7816, 0.25792258290486242
247.098, 10.5319, 0.25634846475226725
245.486, 10.2835, 0.25475053804012693
243.851, 10.0365, 0.25312829780863572
242.193, 9.79082, 0.25148121304431231
240.512, 9.54654, 0.24980872452748593
238.806, 9.3037, 0.24811024246001923
237.076, 9.06231, 0.24638514384592081
235.321, 8.82241, 0.24463276959330713
233.54, 8.58404, 0.24285242130137569
231.732, 8.34723, 0.24104335769029336
229.897, 8.11201, 0.23920479062513239
228.033, 7.87842, 0.23733588067687383
226.141, 7.64649, 0.23543573215383892
224.219, 7.41626, 0.23350338752532585
222.266, 7.18777, 0.23153782114520433
220.281, 6.96106, 0.22953793216628926
218.264, 6.73616, 0.22750253651570218
216.212, 6.51313, 0.22543035777616030
214.125, 6.29199, 0.22332001678712843
212.001, 6.0728, 0.22117001974133646
209.838, 5.85561, 0.21897874450443514
207.636, 5.64045, 0.21674442482553566
205.392, 5.42738, 0.21446513203150783
203.104, 5.21645, 0.21213875370110821
200.77, 5.00772, 0.20976296869378344
198.387, 4.80123, 0.20733521774920105
195.954, 4.59706, 0.20485266866882065
193.466, 4.39525, 0.20231217482178498
190.921, 4.19588, 0.19971022536144328
188.315, 3.99901, 0.19704288506343656
185.643, 3.80473, 0.19430572105453228
182.902, 3.61309, 0.19149371282655117
180.085, 3.4242, 0.18860114072423131
177.186, 3.23814, 0.18562144641817643
174.198, 3.05499, 0.18254705651869521
171.113, 2.87488, 0.17936915716106855
167.921, 2.69791, 0.17607740270750502
164.61, 2.5242, 0.17265953524363278
161.167, 2.35391, 0.16910088326414141
157.573, 2.18717, 0.16538370020099105
153.81, 2.02417, 0.16148631107563369
149.851, 1.8651, 0.15738215143652309
145.667, 1.7102, 0.15304009627240620
141.223, 1.55971, 0.14842305503195674
136.436, 1.41397, 0.14344452786522621
131.214, 1.27338, 0.13800741843810718
125.418, 1.13847, 0.13196669663479124
118.825, 1.00995, 0.12508848048873145
111.045, 0.888867, 0.11696355479607895
101.357, 0.776795, 0.10683504247447212
89.0372, 0.676229, 9.39408507452485914E-002
78.6501, 0.588344, 8.30592021018111970E-002
73.7416, 0.507926, 7.79114338298678849E-002
68.7881, 0.432622, 7.27108647266843933E-002
63.6789, 0.3626, 6.73412768121795513E-002
58.416, 0.298014, 6.18042199792945765E-002
53.0095, 0.239044, 5.61102340424487686E-002
47.4548, 0.185848, 5.02538591735866083E-002
41.7279, 0.138598, 4.42096261147788827E-002
35.7682, 0.0975117, 3.79130508051074219E-002
29.4442, 0.0629013, 3.12244554771557575E-002
22.4806, 0.0352877, 2.38515726652674502E-002
14.3715, 0.0156079, 1.52567974530899483E-002
6.04312, 0.00496765, 6.42048265414929108E-003
1.85703, 0.00113639, 1.97467578710824486E-003
0.347012, 0.000102192, 3.69270707226541863E-004
