# mass density [g cm-3], pressure [erg cm-3], baryon density [1/fm-3]
# energy density [MeV fm-3], pressure [MeV fm-3], baryon density [1/fm-3], chemical potential [MeV], strangeness fraction [admin]
4.321777e+15, 1.549564e+36, 2e+39
4.321275e+15, 1.549293e+36, 2e+39
4.320771e+15, 1.549021e+36, 2e+39
4.320270e+15, 1.548749e+36, 2e+39
4.319767e+15, 1.548478e+36, 2e+39
4.319265e+15, 1.548206e+36, 2e+39
4.318763e+15, 1.547934e+36, 2e+39
4.318260e+15, 1.547663e+36, 2e+39
4.317760e+15, 1.547391e+36, 2e+39
4.317257e+15, 1.547120e+36, 2e+39
4.316755e+15, 1.546848e+36, 2e+39
4.316253e+15, 1.546577e+36, 2e+39
4.315748e+15, 1.546305e+36, 2e+39
4.315247e+15, 1.546034e+36, 2e+39
4.314746e+15, 1.545762e+36, 2e+39
4.314244e+15, 1.545491e+36, 2e+39
4.313740e+15, 1.545219e+36, 2e+39
4.313239e+15, 1.544948e+36, 2e+39
4.312736e+15, 1.544677e+36, 2e+39
4.312236e+15, 1.544405e+36, 2e+39
4.311733e+15, 1.544134e+36, 2e+39
4.311231e+15, 1.543863e+36, 2e+39
4.310729e+15, 1.543592e+36, 2e+39
4.310229e+15, 1.543320e+36, 2e+39
4.309724e+15, 1.543049e+36, 2e+39
4.309223e+15, 1.542778e+36, 2e+39
4.308723e+15, 1.542507e+36, 2e+39
4.308219e+15, 1.542236e+36, 2e+39
4.307720e+15, 1.541965e+36, 2e+39
4.307215e+15, 1.541693e+36, 2e+39
4.306716e+15, 1.541422e+36, 2e+39
4.306211e+15, 1.541151e+36, 2e+39
4.305714e+15, 1.540880e+36, 2e+39
4.305208e+15, 1.540609e+36, 2e+39
4.304707e+15, 1.540338e+36, 2e+39
4.304208e+15, 1.540067e+36, 2e+39
4.303703e+15, 1.539796e+36, 2e+39
4.303203e+15, 1.539525e+36, 2e+39
4.302703e+15, 1.539255e+36, 2e+39
4.302198e+15, 1.538984e+36, 2e+39
4.301698e+15, 1.538713e+36, 2e+39
4.301193e+15, 1.538442e+36, 2e+39
4.300695e+15, 1.538171e+36, 2e+39
4.300193e+15, 1.537900e+36, 2e+39
4.299692e+15, 1.537630e+36, 2e+39
4.299190e+15, 1.537359e+36, 2e+39
4.298689e+15, 1.537088e+36, 2e+39
4.298188e+15, 1.536818e+36, 2e+39
4.297685e+15, 1.536547e+36, 2e+39
4.297188e+15, 1.536276e+36, 2e+39
4.296683e+15, 1.536006e+36, 2e+39
4.296184e+15, 1.535735e+36, 2e+39
4.295682e+15, 1.535464e+36, 2e+39
4.295180e+15, 1.535194e+36, 2e+39
4.294679e+15, 1.534923e+36, 2e+39
4.294176e+15, 1.534653e+36, 2e+39
4.293680e+15, 1.534382e+36, 2e+39
4.293175e+15, 1.534112e+36, 2e+39
4.292677e+15, 1.533841e+36, 2e+39
4.292171e+15, 1.533571e+36, 2e+39
4.291672e+15, 1.533301e+36, 2e+39
4.291170e+15, 1.533030e+36, 2e+39
4.290672e+15, 1.532760e+36, 2e+39
4.290166e+15, 1.532490e+36, 2e+39
4.289669e+15, 1.532219e+36, 2e+39
4.289164e+15, 1.531949e+36, 2e+39
4.288668e+15, 1.531679e+36, 2e+39
4.288162e+15, 1.531408e+36, 2e+39
4.287666e+15, 1.531138e+36, 2e+39
4.287163e+15, 1.530868e+36, 2e+39
4.286664e+15, 1.530598e+36, 2e+39
4.286159e+15, 1.530328e+36, 2e+39
4.285661e+15, 1.530058e+36, 2e+39
4.285158e+15, 1.529787e+36, 2e+39
4.284659e+15, 1.529517e+36, 2e+39
4.284156e+15, 1.529247e+36, 2e+39
4.283658e+15, 1.528977e+36, 2e+39
4.283153e+15, 1.528707e+36, 2e+39
4.282656e+15, 1.528437e+36, 2e+39
4.282154e+15, 1.528167e+36, 2e+39
4.281650e+15, 1.527897e+36, 2e+39
4.281154e+15, 1.527627e+36, 2e+39
4.280652e+15, 1.527358e+36, 2e+39
4.280152e+15, 1.527088e+36, 2e+39
4.279652e+15, 1.526818e+36, 2e+39
4.279149e+15, 1.526548e+36, 2e+39
4.278650e+15, 1.526278e+36, 2e+39
4.278151e+15, 1.526008e+36, 2e+39
4.277648e+15, 1.525739e+36, 2e+39
4.277151e+15, 1.525469e+36, 2e+39
4.276645e+15, 1.525199e+36, 2e+39
4.276146e+15, 1.524929e+36, 2e+39
4.275649e+15, 1.524660e+36, 2e+39
4.275146e+15, 1.524390e+36, 2e+39
4.274646e+15, 1.524121e+36, 2e+39
4.274144e+15, 1.523851e+36, 2e+39
4.273646e+15, 1.523581e+36, 2e+39
4.273143e+15, 1.523312e+36, 2e+39
4.272646e+15, 1.523042e+36, 2e+39
4.272146e+15, 1.522773e+36, 2e+39
4.271646e+15, 1.522503e+36, 2e+39
4.271146e+15, 1.522234e+36, 2e+39
4.270645e+15, 1.521964e+36, 2e+39
4.270144e+15, 1.521695e+36, 2e+39
4.269645e+15, 1.521425e+36, 2e+39
4.269143e+15, 1.521156e+36, 2e+39
4.268646e+15, 1.520887e+36, 2e+39
4.268144e+15, 1.520617e+36, 2e+39
4.267643e+15, 1.520348e+36, 2e+39
4.267142e+15, 1.520079e+36, 2e+39
4.266645e+15, 1.519810e+36, 2e+39
4.266143e+15, 1.519540e+36, 2e+39
4.265642e+15, 1.519271e+36, 2e+39
4.265145e+15, 1.519002e+36, 2e+39
4.264644e+15, 1.518733e+36, 2e+39
4.264142e+15, 1.518464e+36, 2e+39
4.263643e+15, 1.518194e+36, 2e+39
4.263142e+15, 1.517925e+36, 2e+39
4.262643e+15, 1.517656e+36, 2e+39
4.262147e+15, 1.517387e+36, 2e+39
4.261643e+15, 1.517118e+36, 2e+39
4.261144e+15, 1.516849e+36, 2e+39
4.260645e+15, 1.516580e+36, 2e+39
4.260142e+15, 1.516311e+36, 2e+39
4.259644e+15, 1.516042e+36, 2e+39
4.259146e+15, 1.515773e+36, 2e+39
4.258647e+15, 1.515504e+36, 2e+39
4.258143e+15, 1.515235e+36, 2e+39
4.257648e+15, 1.514967e+36, 2e+39
4.257144e+15, 1.514698e+36, 2e+39
4.256647e+15, 1.514429e+36, 2e+39
4.256149e+15, 1.514160e+36, 2e+39
4.255646e+15, 1.513891e+36, 2e+39
4.255149e+15, 1.513623e+36, 2e+39
4.254649e+15, 1.513354e+36, 2e+39
4.254150e+15, 1.513085e+36, 2e+39
4.253650e+15, 1.512816e+36, 2e+39
4.253150e+15, 1.512548e+36, 2e+39
4.252650e+15, 1.512279e+36, 2e+39
4.252151e+15, 1.512011e+36, 2e+39
4.251652e+15, 1.511742e+36, 2e+39
4.251154e+15, 1.511473e+36, 2e+39
4.250653e+15, 1.511205e+36, 2e+39
4.250156e+15, 1.510936e+36, 2e+39
4.249655e+15, 1.510668e+36, 2e+39
4.249157e+15, 1.510399e+36, 2e+39
4.248656e+15, 1.510131e+36, 2e+39
4.248156e+15, 1.509862e+36, 2e+39
4.247659e+15, 1.509594e+36, 2e+39
4.247159e+15, 1.509326e+36, 2e+39
4.246659e+15, 1.509057e+36, 2e+39
4.246159e+15, 1.508789e+36, 2e+39
4.245661e+15, 1.508521e+36, 2e+39
4.245161e+15, 1.508252e+36, 2e+39
4.244662e+15, 1.507984e+36, 2e+39
4.244164e+15, 1.507716e+36, 2e+39
4.243665e+15, 1.507448e+36, 2e+39
4.243165e+15, 1.507179e+36, 2e+39
4.242667e+15, 1.506911e+36, 2e+39
4.242167e+15, 1.506643e+36, 2e+39
4.241669e+15, 1.506375e+36, 2e+39
4.241167e+15, 1.506107e+36, 2e+39
4.240673e+15, 1.505839e+36, 2e+39
4.240170e+15, 1.505571e+36, 2e+39
4.239673e+15, 1.505303e+36, 2e+39
4.239176e+15, 1.505035e+36, 2e+39
4.238673e+15, 1.504767e+36, 2e+39
4.238177e+15, 1.504499e+36, 2e+39
4.237677e+15, 1.504231e+36, 2e+39
4.237180e+15, 1.503963e+36, 2e+39
4.236678e+15, 1.503695e+36, 2e+39
4.236183e+15, 1.503427e+36, 2e+39
4.235682e+15, 1.503159e+36, 2e+39
4.235184e+15, 1.502891e+36, 2e+39
4.234688e+15, 1.502623e+36, 2e+39
4.234186e+15, 1.502356e+36, 2e+39
4.233689e+15, 1.502088e+36, 2e+39
4.233190e+15, 1.501820e+36, 2e+39
4.232689e+15, 1.501552e+36, 2e+39
4.232192e+15, 1.501285e+36, 2e+39
4.231696e+15, 1.501017e+36, 2e+39
4.231194e+15, 1.500749e+36, 2e+39
4.230698e+15, 1.500482e+36, 2e+39
4.230198e+15, 1.500214e+36, 2e+39
4.229702e+15, 1.499946e+36, 2e+39
4.229201e+15, 1.499679e+36, 2e+39
4.228702e+15, 1.499411e+36, 2e+39
4.228205e+15, 1.499144e+36, 2e+39
4.227706e+15, 1.498876e+36, 2e+39
4.227209e+15, 1.498609e+36, 2e+39
4.226710e+15, 1.498341e+36, 2e+39
4.226214e+15, 1.498074e+36, 2e+39
4.225714e+15, 1.497806e+36, 2e+39
4.225214e+15, 1.497539e+36, 2e+39
4.224718e+15, 1.497272e+36, 2e+39
4.224220e+15, 1.497004e+36, 2e+39
4.223722e+15, 1.496737e+36, 2e+39
4.223222e+15, 1.496470e+36, 2e+39
4.222727e+15, 1.496202e+36, 2e+39
4.222226e+15, 1.495935e+36, 2e+39
4.221728e+15, 1.495668e+36, 2e+39
4.221230e+15, 1.495401e+36, 2e+39
4.220734e+15, 1.495134e+36, 2e+39
4.220235e+15, 1.494866e+36, 2e+39
4.219737e+15, 1.494599e+36, 2e+39
4.219237e+15, 1.494332e+36, 2e+39
4.218740e+15, 1.494065e+36, 2e+39
4.218240e+15, 1.493798e+36, 2e+39
4.217745e+15, 1.493531e+36, 2e+39
4.217245e+15, 1.493264e+36, 2e+39
4.216747e+15, 1.492997e+36, 2e+39
4.216251e+15, 1.492730e+36, 2e+39
4.215752e+15, 1.492463e+36, 2e+39
4.215253e+15, 1.492196e+36, 2e+39
4.214757e+15, 1.491929e+36, 2e+39
4.214259e+15, 1.491662e+36, 2e+39
4.213761e+15, 1.491395e+36, 2e+39
4.213262e+15, 1.491128e+36, 2e+39
4.212767e+15, 1.490862e+36, 2e+39
4.212268e+15, 1.490595e+36, 2e+39
4.211770e+15, 1.490328e+36, 2e+39
4.211271e+15, 1.490061e+36, 2e+39
4.210775e+15, 1.489795e+36, 2e+39
4.210280e+15, 1.489528e+36, 2e+39
4.209779e+15, 1.489261e+36, 2e+39
4.209282e+15, 1.488994e+36, 2e+39
4.208782e+15, 1.488728e+36, 2e+39
4.208289e+15, 1.488461e+36, 2e+39
4.207789e+15, 1.488195e+36, 2e+39
4.207291e+15, 1.487928e+36, 2e+39
4.206794e+15, 1.487661e+36, 2e+39
4.206299e+15, 1.487395e+36, 2e+39
4.205800e+15, 1.487128e+36, 2e+39
4.205305e+15, 1.486862e+36, 2e+39
4.204804e+15, 1.486595e+36, 2e+39
4.204307e+15, 1.486329e+36, 2e+39
4.203809e+15, 1.486063e+36, 2e+39
4.203313e+15, 1.485796e+36, 2e+39
4.202818e+15, 1.485530e+36, 2e+39
4.202319e+15, 1.485263e+36, 2e+39
4.201821e+15, 1.484997e+36, 2e+39
4.201326e+15, 1.484731e+36, 2e+39
4.200824e+15, 1.484465e+36, 2e+39
4.200334e+15, 1.484198e+36, 2e+39
4.199832e+15, 1.483932e+36, 2e+39
4.199336e+15, 1.483666e+36, 2e+39
4.198839e+15, 1.483400e+36, 2e+39
4.198342e+15, 1.483133e+36, 2e+39
4.197844e+15, 1.482867e+36, 2e+39
4.197348e+15, 1.482601e+36, 2e+39
4.196849e+15, 1.482335e+36, 2e+39
4.196352e+15, 1.482069e+36, 2e+39
4.195855e+15, 1.481803e+36, 2e+39
4.195361e+15, 1.481537e+36, 2e+39
4.194863e+15, 1.481271e+36, 2e+39
4.194365e+15, 1.481005e+36, 2e+39
4.193868e+15, 1.480739e+36, 2e+39
4.193373e+15, 1.480473e+36, 2e+39
4.192873e+15, 1.480207e+36, 2e+39
4.192378e+15, 1.479941e+36, 2e+39
4.191882e+15, 1.479675e+36, 2e+39
4.191385e+15, 1.479409e+36, 2e+39
4.190885e+15, 1.479144e+36, 2e+39
4.190391e+15, 1.478878e+36, 2e+39
4.189892e+15, 1.478612e+36, 2e+39
4.189400e+15, 1.478346e+36, 2e+39
4.188900e+15, 1.478081e+36, 2e+39
4.188403e+15, 1.477815e+36, 2e+39
4.187909e+15, 1.477549e+36, 2e+39
4.187411e+15, 1.477283e+36, 2e+39
4.186914e+15, 1.477018e+36, 2e+39
4.186416e+15, 1.476752e+36, 2e+39
4.185921e+15, 1.476487e+36, 2e+39
4.185424e+15, 1.476221e+36, 2e+39
4.184927e+15, 1.475955e+36, 2e+39
4.184433e+15, 1.475690e+36, 2e+39
4.183934e+15, 1.475424e+36, 2e+39
4.183440e+15, 1.475159e+36, 2e+39
4.182942e+15, 1.474893e+36, 2e+39
4.182447e+15, 1.474628e+36, 2e+39
4.181949e+15, 1.474363e+36, 2e+39
4.181454e+15, 1.474097e+36, 2e+39
4.180955e+15, 1.473832e+36, 2e+39
4.180459e+15, 1.473566e+36, 2e+39
4.179963e+15, 1.473301e+36, 2e+39
4.179468e+15, 1.473036e+36, 2e+39
4.178971e+15, 1.472770e+36, 2e+39
4.178475e+15, 1.472505e+36, 2e+39
4.177978e+15, 1.472240e+36, 2e+39
4.177484e+15, 1.471975e+36, 2e+39
4.176987e+15, 1.471710e+36, 2e+39
4.176491e+15, 1.471444e+36, 2e+39
4.175996e+15, 1.471179e+36, 2e+39
4.175499e+15, 1.470914e+36, 2e+39
4.175002e+15, 1.470649e+36, 2e+39
4.174505e+15, 1.470384e+36, 2e+39
4.174010e+15, 1.470119e+36, 2e+39
4.173513e+15, 1.469854e+36, 2e+39
4.173021e+15, 1.469589e+36, 2e+39
4.172524e+15, 1.469324e+36, 2e+39
4.172027e+15, 1.469059e+36, 2e+39
4.171532e+15, 1.468794e+36, 2e+39
4.171033e+15, 1.468529e+36, 2e+39
4.170536e+15, 1.468264e+36, 2e+39
4.170045e+15, 1.467999e+36, 2e+39
4.169547e+15, 1.467734e+36, 2e+39
4.169051e+15, 1.467469e+36, 2e+39
4.168558e+15, 1.467205e+36, 2e+39
4.168057e+15, 1.466940e+36, 2e+39
4.167564e+15, 1.466675e+36, 2e+39
4.167068e+15, 1.466410e+36, 2e+39
4.166571e+15, 1.466146e+36, 2e+39
4.166079e+15, 1.465881e+36, 2e+39
4.165582e+15, 1.465616e+36, 2e+39
4.165084e+15, 1.465352e+36, 2e+39
4.164590e+15, 1.465087e+36, 2e+39
4.164096e+15, 1.464822e+36, 2e+39
4.163597e+15, 1.464558e+36, 2e+39
4.163103e+15, 1.464293e+36, 2e+39
4.162607e+15, 1.464029e+36, 2e+39
4.162113e+15, 1.463764e+36, 2e+39
4.161615e+15, 1.463500e+36, 2e+39
4.161120e+15, 1.463235e+36, 2e+39
4.160624e+15, 1.462971e+36, 2e+39
4.160133e+15, 1.462706e+36, 2e+39
4.159635e+15, 1.462442e+36, 2e+39
4.159138e+15, 1.462177e+36, 2e+39
4.158643e+15, 1.461913e+36, 2e+39
4.158148e+15, 1.461649e+36, 2e+39
4.157654e+15, 1.461384e+36, 2e+39
4.157159e+15, 1.461120e+36, 2e+39
4.156663e+15, 1.460856e+36, 2e+39
4.156168e+15, 1.460592e+36, 2e+39
4.155672e+15, 1.460327e+36, 2e+39
4.155174e+15, 1.460063e+36, 2e+39
4.154682e+15, 1.459799e+36, 2e+39
4.154186e+15, 1.459535e+36, 2e+39
4.153692e+15, 1.459271e+36, 2e+39
4.153196e+15, 1.459007e+36, 2e+39
4.152700e+15, 1.458743e+36, 2e+39
4.152205e+15, 1.458479e+36, 2e+39
4.151711e+15, 1.458214e+36, 2e+39
4.151217e+15, 1.457950e+36, 2e+39
4.150720e+15, 1.457686e+36, 2e+39
4.150224e+15, 1.457422e+36, 2e+39
4.149730e+15, 1.457159e+36, 2e+39
4.149238e+15, 1.456895e+36, 2e+39
4.148742e+15, 1.456631e+36, 2e+39
4.148245e+15, 1.456367e+36, 2e+39
4.147753e+15, 1.456103e+36, 2e+39
4.147256e+15, 1.455839e+36, 2e+39
4.146762e+15, 1.455575e+36, 2e+39
4.146266e+15, 1.455311e+36, 2e+39
4.145772e+15, 1.455048e+36, 2e+39
4.145276e+15, 1.454784e+36, 2e+39
4.144781e+15, 1.454520e+36, 2e+39
4.144288e+15, 1.454257e+36, 2e+39
4.143790e+15, 1.453993e+36, 2e+39
4.143299e+15, 1.453729e+36, 2e+39
4.142802e+15, 1.453466e+36, 2e+39
4.142310e+15, 1.453202e+36, 2e+39
4.141812e+15, 1.452938e+36, 2e+39
4.141319e+15, 1.452675e+36, 2e+39
4.140826e+15, 1.452411e+36, 2e+39
4.140330e+15, 1.452148e+36, 2e+39
4.139835e+15, 1.451884e+36, 2e+39
4.139343e+15, 1.451621e+36, 2e+39
4.138845e+15, 1.451357e+36, 2e+39
4.138353e+15, 1.451094e+36, 2e+39
4.137860e+15, 1.450830e+36, 2e+39
4.137363e+15, 1.450567e+36, 2e+39
4.136869e+15, 1.450304e+36, 2e+39
4.136375e+15, 1.450040e+36, 2e+39
4.135879e+15, 1.449777e+36, 2e+39
4.135386e+15, 1.449514e+36, 2e+39
4.134889e+15, 1.449250e+36, 2e+39
4.134398e+15, 1.448987e+36, 2e+39
4.133902e+15, 1.448724e+36, 2e+39
4.133406e+15, 1.448461e+36, 2e+39
4.132914e+15, 1.448198e+36, 2e+39
4.132418e+15, 1.447934e+36, 2e+39
4.131927e+15, 1.447671e+36, 2e+39
4.131432e+15, 1.447408e+36, 2e+39
4.130937e+15, 1.447145e+36, 2e+39
4.130444e+15, 1.446882e+36, 2e+39
4.129946e+15, 1.446619e+36, 2e+39
4.129459e+15, 1.446356e+36, 2e+39
4.128962e+15, 1.446093e+36, 2e+39
4.128469e+15, 1.445830e+36, 2e+39
4.127974e+15, 1.445567e+36, 2e+39
4.127479e+15, 1.445304e+36, 2e+39
4.126985e+15, 1.445041e+36, 2e+39
4.126491e+15, 1.444778e+36, 2e+39
4.125997e+15, 1.444515e+36, 2e+39
4.125501e+15, 1.444253e+36, 2e+39
4.125012e+15, 1.443990e+36, 2e+39
4.124516e+15, 1.443727e+36, 2e+39
4.124021e+15, 1.443464e+36, 2e+39
4.123528e+15, 1.443201e+36, 2e+39
4.123035e+15, 1.442939e+36, 2e+39
4.122540e+15, 1.442676e+36, 2e+39
4.122047e+15, 1.442413e+36, 2e+39
4.121551e+15, 1.442151e+36, 2e+39
4.121059e+15, 1.441888e+36, 2e+39
4.120566e+15, 1.441625e+36, 2e+39
4.120074e+15, 1.441363e+36, 2e+39
4.119578e+15, 1.441100e+36, 2e+39
4.119084e+15, 1.440838e+36, 2e+39
4.118592e+15, 1.440575e+36, 2e+39
4.118097e+15, 1.440313e+36, 2e+39
4.117602e+15, 1.440050e+36, 2e+39
4.117111e+15, 1.439788e+36, 2e+39
4.116613e+15, 1.439525e+36, 2e+39
4.116123e+15, 1.439263e+36, 2e+39
4.115630e+15, 1.439000e+36, 2e+39
4.115134e+15, 1.438738e+36, 2e+39
4.114643e+15, 1.438476e+36, 2e+39
4.114147e+15, 1.438213e+36, 2e+39
4.113655e+15, 1.437951e+36, 2e+39
4.113164e+15, 1.437689e+36, 2e+39
4.112667e+15, 1.437427e+36, 2e+39
4.112178e+15, 1.437164e+36, 2e+39
4.111680e+15, 1.436902e+36, 2e+39
4.111189e+15, 1.436640e+36, 2e+39
4.110695e+15, 1.436378e+36, 2e+39
4.110202e+15, 1.436116e+36, 2e+39
4.109709e+15, 1.435854e+36, 2e+39
4.109214e+15, 1.435591e+36, 2e+39
4.108721e+15, 1.435329e+36, 2e+39
4.108229e+15, 1.435067e+36, 2e+39
4.107737e+15, 1.434805e+36, 2e+39
4.107242e+15, 1.434543e+36, 2e+39
4.106751e+15, 1.434281e+36, 2e+39
4.106256e+15, 1.434019e+36, 2e+39
4.105763e+15, 1.433757e+36, 2e+39
4.105271e+15, 1.433496e+36, 2e+39
4.104778e+15, 1.433234e+36, 2e+39
4.104286e+15, 1.432972e+36, 2e+39
4.103790e+15, 1.432710e+36, 2e+39
4.103300e+15, 1.432448e+36, 2e+39
4.102804e+15, 1.432186e+36, 2e+39
4.102313e+15, 1.431925e+36, 2e+39
4.101821e+15, 1.431663e+36, 2e+39
4.101328e+15, 1.431401e+36, 2e+39
4.100833e+15, 1.431139e+36, 2e+39
4.100340e+15, 1.430878e+36, 2e+39
4.099849e+15, 1.430616e+36, 2e+39
4.099357e+15, 1.430354e+36, 2e+39
4.098863e+15, 1.430093e+36, 2e+39
4.098369e+15, 1.429831e+36, 2e+39
4.097879e+15, 1.429570e+36, 2e+39
4.097383e+15, 1.429308e+36, 2e+39
4.096893e+15, 1.429046e+36, 2e+39
4.096400e+15, 1.428785e+36, 2e+39
4.095905e+15, 1.428523e+36, 2e+39
4.095415e+15, 1.428262e+36, 2e+39
4.094923e+15, 1.428001e+36, 2e+39
4.094428e+15, 1.427739e+36, 2e+39
4.093936e+15, 1.427478e+36, 2e+39
4.093444e+15, 1.427216e+36, 2e+39
4.092951e+15, 1.426955e+36, 2e+39
4.092458e+15, 1.426694e+36, 2e+39
4.091967e+15, 1.426432e+36, 2e+39
4.091473e+15, 1.426171e+36, 2e+39
4.090983e+15, 1.425910e+36, 2e+39
4.090488e+15, 1.425649e+36, 2e+39
4.089998e+15, 1.425387e+36, 2e+39
4.089503e+15, 1.425126e+36, 2e+39
4.089012e+15, 1.424865e+36, 2e+39
4.088521e+15, 1.424604e+36, 2e+39
4.088027e+15, 1.424343e+36, 2e+39
4.087535e+15, 1.424082e+36, 2e+39
4.087043e+15, 1.423821e+36, 2e+39
4.086552e+15, 1.423560e+36, 2e+39
4.086058e+15, 1.423299e+36, 2e+39
4.085566e+15, 1.423038e+36, 2e+39
4.085072e+15, 1.422777e+36, 2e+39
4.084582e+15, 1.422516e+36, 2e+39
4.084089e+15, 1.422255e+36, 2e+39
4.083597e+15, 1.421994e+36, 2e+39
4.083106e+15, 1.421733e+36, 2e+39
4.082612e+15, 1.421472e+36, 2e+39
4.082124e+15, 1.421211e+36, 2e+39
4.081627e+15, 1.420950e+36, 2e+39
4.081140e+15, 1.420689e+36, 2e+39
4.080645e+15, 1.420429e+36, 2e+39
4.080155e+15, 1.420168e+36, 2e+39
4.079660e+15, 1.419907e+36, 2e+39
4.079171e+15, 1.419646e+36, 2e+39
4.078677e+15, 1.419386e+36, 2e+39
4.078184e+15, 1.419125e+36, 2e+39
4.077692e+15, 1.418864e+36, 2e+39
4.077203e+15, 1.418604e+36, 2e+39
4.076709e+15, 1.418343e+36, 2e+39
4.076218e+15, 1.418083e+36, 2e+39
4.075727e+15, 1.417822e+36, 2e+39
4.075235e+15, 1.417562e+36, 2e+39
4.074743e+15, 1.417301e+36, 2e+39
4.074253e+15, 1.417041e+36, 2e+39
4.073758e+15, 1.416780e+36, 2e+39
4.073270e+15, 1.416520e+36, 2e+39
4.072777e+15, 1.416259e+36, 2e+39
4.072285e+15, 1.415999e+36, 2e+39
4.071794e+15, 1.415739e+36, 2e+39
4.071304e+15, 1.415478e+36, 2e+39
4.070812e+15, 1.415218e+36, 2e+39
4.070320e+15, 1.414958e+36, 2e+39
4.069827e+15, 1.414697e+36, 2e+39
4.069336e+15, 1.414437e+36, 2e+39
4.068845e+15, 1.414177e+36, 2e+39
4.068354e+15, 1.413917e+36, 2e+39
4.067862e+15, 1.413656e+36, 2e+39
4.067368e+15, 1.413396e+36, 2e+39
4.066879e+15, 1.413136e+36, 2e+39
4.066387e+15, 1.412876e+36, 2e+39
4.065895e+15, 1.412616e+36, 2e+39
4.065405e+15, 1.412356e+36, 2e+39
4.064914e+15, 1.412096e+36, 2e+39
4.064422e+15, 1.411836e+36, 2e+39
4.063932e+15, 1.411576e+36, 2e+39
4.063438e+15, 1.411316e+36, 2e+39
4.062949e+15, 1.411056e+36, 2e+39
4.062458e+15, 1.410796e+36, 2e+39
4.061965e+15, 1.410536e+36, 2e+39
4.061476e+15, 1.410276e+36, 2e+39
4.060982e+15, 1.410016e+36, 2e+39
4.060493e+15, 1.409756e+36, 2e+39
4.060000e+15, 1.409496e+36, 2e+39
#########################################################
2.835907e+15, 1.354240e+36, 1e+39
2.488133e+15, 1.062343e+36, 1e+39
2.167751e+15, 8.124946e+35, 1e+39
2.017282e+15, 7.027150e+35, 9e+38
1.872926e+15, 6.026494e+35, 9e+38
1.734483e+15, 5.119854e+35, 8e+38
1.601653e+15, 4.303945e+35, 8e+38
1.474238e+15, 3.575066e+35, 7e+38
1.351936e+15, 2.929485e+35, 7e+38
1.280861e+15, 2.580403e+35, 7e+38
1.211490e+15, 2.258974e+35, 6e+38
1.143623e+15, 1.964269e+35, 6e+38
1.077460e+15, 1.695296e+35, 6e+38
1.012699e+15, 1.451073e+35, 6e+38
9.492927e+14, 1.230572e+35, 5e+38
8.872801e+14, 1.032904e+35, 5e+38
8.265399e+14, 8.567739e+34, 5e+38
7.669938e+14, 7.012826e+34, 4e+38
7.085901e+14, 5.652786e+34, 4e+38
6.512378e+14, 4.476275e+34, 4e+38
5.948694e+14, 3.471710e+34, 3e+38
5.394116e+14, 2.627074e+34, 3e+38
4.847771e+14, 1.930319e+34, 3e+38
4.308930e+14, 1.368660e+34, 3e+38
3.776826e+14, 9.289216e+33, 2e+38
3.250424e+14, 5.974824e+33, 2e+38
2.729030e+14, 3.597593e+33, 2e+38
2.211753e+14, 1.999822e+33, 1e+38
2.040040e+14, 1.608490e+33, 1e+38
1.868720e+14, 1.271829e+33, 1e+38
1.697691e+14, 9.928100e+32, 1e+38
1.526969e+14, 7.654706e+32, 9e+37
1.441658e+14, 6.691894e+32, 9e+37
1.356449e+14, 5.833928e+32, 8e+37
1.307026e+14, 5.381217e+32, 8e+37
1.287678e+14, 5.381217e+32, 8e+37
1.275148e+14, 5.292793e+32, 8e+37
1.240262e+14, 5.053059e+32, 7e+37
1.188835e+14, 4.706188e+32, 7e+37
1.137909e+14, 4.374040e+32, 7e+37
1.087183e+14, 4.056409e+32, 6e+37
1.019817e+14, 3.655464e+32, 6e+37
9.525719e+13, 3.280057e+32, 6e+37
8.856868e+13, 2.930078e+32, 5e+37
8.194023e+13, 2.605333e+32, 5e+37
7.541015e+13, 2.305533e+32, 4e+37
6.745042e+13, 1.965279e+32, 4e+37
6.130440e+13, 1.719841e+32, 4e+37
5.397627e+13, 1.444964e+32, 3e+37
4.711738e+13, 1.203935e+32, 3e+37
4.078869e+13, 9.942103e+31, 2e+37
3.613222e+13, 8.472810e+31, 2e+37
2.791282e+13, 6.031589e+31, 2e+37
2.109403e+13, 4.163049e+31, 1e+37
1.681550e+13, 3.076180e+31, 1e+37
1.262416e+13, 2.092235e+31, 7e+36
9.638585e+12, 1.453276e+31, 6e+36
7.529182e+12, 1.041917e+31, 4e+36
5.729450e+12, 7.240239e+30, 3e+36
4.493795e+12, 5.275073e+30, 3e+36
3.426253e+12, 3.751194e+30, 2e+36
2.729939e+12, 2.860383e+30, 2e+36
2.119329e+12, 2.157636e+30, 1e+36
1.758642e+12, 1.781621e+30, 1e+36
1.286276e+12, 1.338819e+30, 8e+35
1.017112e+12, 1.114314e+30, 6e+35
8.964726e+11, 1.020488e+30, 5e+35
7.853289e+11, 9.379450e+29, 5e+35
6.839283e+11, 8.656067e+29, 4e+35
5.926523e+11, 8.025803e+29, 4e+35
5.120641e+11, 7.478659e+29, 3e+35
4.430831e+11, 7.004014e+29, 3e+35
3.874560e+11, 6.590252e+29, 2e+35
3.697430e+11, 6.439151e+29, 2e+35
3.503743e+11, 6.223465e+29, 2e+35
9.654838e+10, 1.451973e+29, 6e+34
8.357627e+10, 1.101497e+29, 5e+34
6.635384e+10, 8.100000e+28, 4e+34
5.051474e+10, 5.957087e+28, 3e+34
4.184320e+10, 4.634298e+28, 3e+34
3.323208e+10, 3.408632e+28, 2e+34
2.539264e+10, 2.506398e+28, 2e+34
2.096179e+10, 1.940637e+28, 1e+34
1.665110e+10, 1.426939e+28, 1e+34
1.322263e+10, 1.049426e+28, 8e+33
1.013501e+10, 7.712481e+27, 6e+33
8.050879e+09, 5.669705e+27, 5e+33
6.622339e+09, 4.367936e+27, 4e+33
4.176301e+09, 2.359206e+27, 3e+33
2.551294e+09, 1.273731e+27, 2e+33
1.609974e+09, 6.869335e+26, 1e+33
1.214999e+09, 5.042853e+26, 7e+32
1.048589e+09, 4.134611e+26, 6e+32
8.323552e+08, 3.033130e+26, 5e+32
5.251969e+08, 1.631209e+26, 3e+32
3.313174e+08, 8.749891e+25, 2e+32
2.631492e+08, 6.685085e+25, 2e+32
1.318253e+08, 2.607544e+25, 8e+31
6.608313e+07, 1.007369e+25, 4e+31
3.311178e+07, 3.838208e+24, 2e+31
3.310162e+07, 3.838208e+24, 2e+31
1.659096e+07, 1.436953e+24, 1e+31
8.313518e+06, 5.266165e+23, 5e+30
6.604303e+06, 3.916314e+23, 4e+30
2.628498e+06, 9.768267e+22, 2e+30
1.046584e+06, 2.321154e+22, 6e+29
4.166285e+05, 5.273166e+21, 3e+29
1.658093e+05, 1.152566e+21, 1e+29
6.603305e+04, 2.434316e+20, 4e+28
2.628498e+04, 4.974761e+19, 2e+28
1.046584e+04, 9.757260e+18, 6e+27
1.152846e+03, 1.902586e+17, 7e+26
2.125246e+02, 5.827920e+15, 1e+26
# mass density [g cm-3], pressure [erg cm-3], baryon density [1/fm-3]
