#central density,	central pressure, radius,	mass,   quarkRadiusPattern, quarkCoreMassPattern,   information entropy,	disequilibrium,	complexity
9.00941587233e+36, 3.08573004838e+36, 7.08960543449, 1.37157101232, -3.27011320779, -2.21449644324, 0, 0, 0
9.0438941823e+36, 3.09922802808e+36, 7.0891340674, 1.37154259671, -3.26387388002, -2.21027121669, 0, 0, 0
9.07841086601e+36, 3.11274500879e+36, 7.08541755825, 1.37074077174, -3.25766324517, -2.20606542077, 0, 0, 0
9.11296586918e+36, 3.12628145853e+36, 7.08172582129, 1.36994313876, -3.25148109334, -2.20187891334, 0, 0, 0
9.14755913761e+36, 3.13983675803e+36, 7.07805865969, 1.36914965753, -3.24532721673, -2.19771155368, 0, 0, 0
9.15152556831e+35, 8.05405977911e+34, 7.16176025811, 0.65664185353, -10.2604015159, -6.94826790984, 0, 0, 0
9.18219061736e+36, 3.15341137826e+36, 7.07441587864, 1.36836029328, -3.23920140963, -2.19356320249, 0, 0, 0
9.21686025488e+36, 3.16700524821e+36, 7.07079728531, 1.36757501234, -3.23310346836, -2.18943372183, 0, 0, 0
9.25156799669e+36, 3.18061801872e+36, 7.06720268893, 1.36679378228, -3.22703319129, -2.18532297515, 0, 0, 0
9.28631378956e+36, 3.19424961549e+36, 7.06363190065, 1.36601655608, -3.22099037877, -2.18123082728, 0, 0, 0
9.32109758085e+36, 3.20790052013e+36, 7.06008473347, 1.36524331379, -3.21497483309, -2.1771571443, 0, 0, 0
9.32985811087e+35, 8.6521620625e+34, 7.28605996216, 0.696313578999, -10.1618688454, -6.88154231519, 0, 0, 0
9.35591931768e+36, 3.22157066203e+36, 7.05656100245, 1.36447402289, -3.20898635855, -2.17310179369, 0, 0, 0
9.39077894768e+36, 3.23525941164e+36, 7.05306052446, 1.36370863231, -3.20302476133, -2.16906464421, 0, 0, 0
9.42567641869e+36, 3.24896753883e+36, 7.04958311821, 1.36294712873, -3.19708984953, -2.1650455659, 0, 0, 0
9.46061167878e+36, 3.26269441161e+36, 7.04612860429, 1.3621894693, -3.1911814331, -2.16104443006, 0, 0, 0
9.49558467627e+36, 3.27644024057e+36, 7.04269680507, 1.36143561975, -3.18529932387, -2.15706110925, 0, 0, 0
9.5092437517e+35, 9.25454812975e+34, 7.38812398241, 0.731457173348, -10.0655640087, -6.8163253931, 0, 0, 0
9.53059535947e+36, 3.29020495556e+36, 7.03928754482, 1.36068555787, -3.17944333551, -2.15309547731, 0, 0, 0
9.5656436775e+36, 3.30398877374e+36, 7.03590064936, 1.35993924897, -3.17361328343, -2.14914740922, 0, 0, 0
9.60072957915e+36, 3.31779134035e+36, 7.03253594646, 1.35919665202, -3.16780898489, -2.14521678124, 0, 0, 0
9.63585301353e+36, 3.33161287401e+36, 7.0291932656, 1.35845775628, -3.16203025893, -2.14130347082, 0, 0, 0
9.67101393031e+36, 3.34545330753e+36, 7.02587243781, 1.35772251029, -3.15627692624, -2.13740735654, 0, 0, 0
9.6896716857e+35, 9.86117872847e+34, 7.47855750102, 0.764379797546, -9.97141000136, -6.75256499669, 0, 0, 0
9.70621227908e+36, 3.35931257286e+36, 7.02257329595, 1.35699090174, -3.15054880931, -2.13352831818, 0, 0, 0
9.74144800976e+36, 3.37319060452e+36, 7.01929567449, 1.35626288626, -3.1448457323, -2.12966623667, 0, 0, 0
9.77672107239e+36, 3.38708762513e+36, 7.01603940957, 1.35553844174, -3.13916752106, -2.12582099408, 0, 0, 0
9.81203141744e+36, 3.40100327998e+36, 7.01280433889, 1.3548175442, -3.13351400308, -2.12199247358, 0, 0, 0
9.84737899538e+36, 3.41493779319e+36, 7.00959030182, 1.35410015489, -3.1278850075, -2.11818055947, 0, 0, 0
9.87113140894e+35, 1.04720172596e+35, 7.56756931879, 0.797600694954, -9.87933331435, -6.69021134624, 0, 0, 0
9.88276375715e+36, 3.4288911006e+36, 7.00639713922, 1.35338625376, -3.12228036507, -2.11438513712, 0, 0, 0
9.91818565348e+36, 3.44286313938e+36, 7.00322469368, 1.35267580694, -3.11669990818, -2.11060609305, 0, 0, 0
9.95364463585e+36, 3.45685384297e+36, 7.00007280912, 1.35196878915, -3.11114347072, -2.10684331476, 0, 0, 0
9.98914065562e+36, 3.47086344608e+36, 6.99383572024, 1.35054650493, -3.10561088821, -2.10309669086, 0, 0, 0
1.00246736644e+37, 3.48489158818e+36, 6.99073000478, 1.34984821048, -3.10010199769, -2.099366111, 0, 0, 0
1.00536127053e+36, 1.10870266591e+35, 7.64541498267, 0.828368428534, -9.78926374221, -6.62921689911, 0, 0, 0
1.0060243614e+37, 3.49893820319e+36, 6.98764436796, 1.34915324976, -3.09461663772, -2.09565146586, 0, 0, 0
1.00958504565e+37, 3.51300382868e+36, 6.98457865997, 1.34846160286, -3.08915464837, -2.09195264713, 0, 0, 0
1.01314941443e+37, 3.52708810395e+36, 6.98153273237, 1.3477732365, -3.08371587119, -2.0882695475, 0, 0, 0
1.01671746297e+37, 3.54119096675e+36, 6.97850643829, 1.34708813354, -3.07830014922, -2.0846020607, 0, 0, 0
1.02028918655e+37, 3.5553123569e+36, 6.97549963218, 1.34640626247, -3.07290732695, -2.0809500814, 0, 0, 0
1.02371056342e+36, 1.17061698141e+35, 7.72210282538, 0.85929815423, -9.70113420273, -6.56953622774, 0, 0, 0
1.02386458045e+37, 3.56945251486e+36, 6.97251216991, 1.34572759891, -3.06753725029, -2.07731350526, 0, 0, 0
1.02744363999e+37, 3.58361107623e+36, 6.9695439087, 1.34505212596, -3.06218976656, -2.07369222889, 0, 0, 0
1.03102636049e+37, 3.59778828722e+36, 6.96659470721, 1.34437980398, -3.05686472453, -2.07008614987, 0, 0, 0
1.0346127373e+37, 3.61198408718e+36, 6.96366442535, 1.34371062148, -3.0515619743, -2.06649516669, 0, 0, 0
1.0382027658e+37, 3.62619841633e+36, 6.96075292444, 1.34304454903, -3.04628136737, -2.06291917879, 0, 0, 0
1.04179644137e+37, 3.64043121798e+36, 6.95786006714, 1.34238156735, -3.04102275662, -2.05935808654, 0, 0, 0
1.0421600519e+36, 1.23294132637e+35, 7.7880532603, 0.887596047863, -9.61488056827, -6.51112590534, 0, 0, 0
1.04539375941e+37, 3.65468243001e+36, 6.95498571733, 1.34172164009, -3.03578599621, -2.05581179118, 0, 0, 0
1.04899471535e+37, 3.66895230705e+36, 6.95212974021, 1.3410647586, -3.03057094168, -2.05228019487, 0, 0, 0
1.05259930466e+37, 3.68324047757e+36, 6.94626662478, 1.33972028495, -3.02537744982, -2.04876320065, 0, 0, 0
1.05620752278e+37, 3.69754719866e+36, 6.9434521658, 1.33907120533, -3.02020537877, -2.04526071245, 0, 0, 0
1.05981936519e+37, 3.7118724121e+36, 6.94065566144, 1.33842508844, -3.01505458794, -2.04177263505, 0, 0, 0
1.06070879352e+36, 1.2956722701e+35, 7.8530838022, 0.915953042814, -9.53044150753, -6.45394439883, 0, 0, 0
1.06343482743e+37, 3.72621606109e+36, 6.93787698196, 1.33778191728, -3.00992493794, -2.03829887406, 0, 0, 0
1.06705390498e+37, 3.74057809072e+36, 6.93511599901, 1.33714165722, -3.00481629073, -2.03483933601, 0, 0, 0
1.07067659341e+37, 3.75495876124e+36, 6.93237258523, 1.33650429654, -2.9997285094, -2.03139392818, 0, 0, 0
1.07430288826e+37, 3.76935738036e+36, 6.92964661465, 1.33586981336, -2.99466145836, -2.02796255875, 0, 0, 0
1.07793278512e+37, 3.78377485069e+36, 6.92693796235, 1.33523817677, -2.98961500317, -2.02454513667, 0, 0, 0
1.07935587012e+36, 1.35880642782e+35, 7.90777372802, 0.941547909461, -9.44775833694, -6.39795196812, 0, 0, 0
1.08156627959e+37, 3.79821015534e+36, 6.92424650454, 1.33460937691, -2.98458901058, -2.02114157171, 0, 0, 0
1.08520336728e+37, 3.8126642027e+36, 6.92157211867, 1.33398338445, -2.97958334854, -2.01775177446, 0, 0, 0
1.08884404382e+37, 3.82713629454e+36, 6.91594008534, 1.33268708628, -2.97459788617, -2.01437565626, 0, 0, 0
1.09248830486e+37, 3.84162702546e+36, 6.91330444541, 1.33206835673, -2.96963249373, -2.01101312928, 0, 0, 0
1.09613614607e+37, 3.85613568858e+36, 6.91068549637, 1.33145237296, -2.96468704263, -2.00766410643, 0, 0, 0
1.09810038671e+36, 1.42234076846e+35, 7.95239187428, 0.964320369446, -9.36677488137, -6.34311057184, 0, 0, 0
1.09978756314e+37, 3.8706628845e+36, 6.90808312021, 1.33083911081, -2.9597614054, -2.00432850138, 0, 0, 0
1.10344255177e+37, 3.88520823261e+36, 6.90549719998, 1.33022854658, -2.95485545571, -2.00100622858, 0, 0, 0
1.10710110767e+37, 3.89977200891e+36, 6.90292761982, 1.32962066685, -2.9499690683, -1.99769720322, 0, 0, 0
1.1107632266e+37, 3.91435383038e+36, 6.90037426482, 1.32901544563, -2.945102119, -1.99440134121, 0, 0, 0
1.1144289043e+37, 3.92895397426e+36, 6.89783702127, 1.32841287411, -2.94025448477, -1.99111855921, 0, 0, 0
1.11694147067e+36, 1.48627198303e+35, 8.00577098975, 0.9898596033, -9.2874373431, -6.28938377856, 0, 0, 0
1.11809813655e+37, 3.94357205826e+36, 6.89531577637, 1.32781292323, -2.93542604358, -1.9878487746, 0, 0, 0
1.12177091913e+37, 3.95820869522e+36, 6.88987980173, 1.32655748434, -2.93061667449, -1.98459190548, 0, 0, 0
1.12544724786e+37, 3.97286316603e+36, 6.88739501034, 1.32596435329, -2.92582625758, -1.98134787062, 0, 0, 0
1.12912711856e+37, 3.98753608919e+36, 6.88492586658, 1.32537378159, -2.92105467399, -1.97811658956, 0, 0, 0
1.13281052707e+37, 4.00222707819e+36, 6.88247226176, 1.3247857586, -2.91630180583, -1.97489798244, 0, 0, 0
1.13587827077e+36, 1.55059707023e+35, 8.04927271247, 1.01252870946, -9.20969417902, -6.23673668368, 0, 0, 0
1.13649746923e+37, 4.01693608228e+36, 6.88003408831, 1.32420025263, -2.91156753631, -1.97169197019, 0, 0, 0
1.14018794094e+37, 4.03166339064e+36, 6.87761123942, 1.32361725981, -2.90685174954, -1.96849847432, 0, 0, 0
1.14388193807e+37, 4.04640861205e+36, 6.87520360941, 1.32303674541, -2.90215433069, -1.96531741707, 0, 0, 0
1.14757945652e+37, 4.06117203685e+36, 6.86991361829, 1.32181183564, -2.89747516587, -1.96214872131, 0, 0, 0
1.15128049225e+37, 4.07595361806e+36, 6.86754077349, 1.32123782559, -2.89281414216, -1.95899231058, 0, 0, 0
1.15490995638e+36, 1.61531287241e+35, 8.08314394656, 1.03229695902, -9.13349598481, -6.18513583094, 0, 0, 0
1.15498504115e+37, 4.09075330627e+36, 6.86518281791, 1.32066624439, -2.88817114763, -1.95584810907, 0, 0, 0
1.15869309921e+37, 4.10557070703e+36, 6.86283964954, 1.3200970776, -2.88354607123, -1.95271604159, 0, 0, 0
1.16240466238e+37, 4.12040646126e+36, 6.86051116739, 1.31953030878, -2.87893880293, -1.94959603362, 0, 0, 0
1.16611972664e+37, 4.13526017683e+36, 6.8581972713, 1.3189659168, -2.87434923357, -1.94648801125, 0, 0, 0
1.16983828802e+37, 4.15013180458e+36, 6.8530280847, 1.31776631581, -2.8697772549, -1.94339190115, 0, 0, 0
1.17356034251e+37, 4.16502129462e+36, 6.85074761825, 1.31720816334, -2.86522275962, -1.94030763068, 0, 0, 0
1.17403571669e+36, 1.68041696831e+35, 8.12573946162, 1.05480642794, -9.05879538642, -6.134549139, 0, 0, 0
1.17728588615e+37, 4.17992894977e+36, 6.84848142526, 1.31665232963, -2.86068564129, -1.93723512776, 0, 0, 0
1.18101491499e+37, 4.19485472527e+36, 6.84622940911, 1.31609880905, -2.85616579437, -1.9341743209, 0, 0, 0
1.1847474251e+37, 4.20979821993e+36, 6.84399147409, 1.31554757766, -2.8516631142, -1.93112513924, 0, 0, 0
1.18848341254e+37, 4.22475974054e+36, 6.8417675253, 1.31499862192, -2.847177497, -1.9280875125, 0, 0, 0
1.19222287342e+37, 4.23973924136e+36, 6.83671475977, 1.31382339475, -2.84270883982, -1.92506137095, 0, 0, 0
1.19325475996e+36, 1.74590600246e+35, 8.15887661935, 1.0743917341, -8.98554693761, -6.08494583201, 0, 0, 0
1.19596580383e+37, 4.25473667527e+36, 6.83452295375, 1.31328043093, -2.83825704059, -1.92204664549, 0, 0, 0
1.19971219991e+37, 4.26975199696e+36, 6.83234483734, 1.31273968779, -2.83382199807, -1.91904326754, 0, 0, 0
1.20346205778e+37, 4.28478516074e+36, 6.83018031897, 1.31220115769, -2.82940361184, -1.91605116911, 0, 0, 0
1.20721537362e+37, 4.29983612035e+36, 6.82802930786, 1.31166482103, -2.82500178232, -1.91307028276, 0, 0, 0
1.21097214358e+37, 4.31490482841e+36, 6.82307109757, 1.31050946351, -2.82061641074, -1.91010054161, 0, 0, 0
1.21256631277e+36, 1.81177729303e+35, 8.18278304799, 1.09104623242, -8.91370702396, -6.03629637458, 0, 0, 0
1.21473236383e+37, 4.32999160273e+36, 6.82095120076, 1.30997891991, -2.81624739916, -1.90714187933, 0, 0, 0
1.2184960306e+37, 4.34509639944e+36, 6.81884452715, 1.30945052038, -2.81189465037, -1.90419423009, 0, 0, 0
1.22226314006e+37, 4.36021881189e+36, 6.81675098923, 1.30892425099, -2.80755806805, -1.90125752867, 0, 0, 0
1.22603368846e+37, 4.37535879319e+36, 6.81467050008, 1.30840009817, -2.80323755659, -1.89833171031, 0, 0, 0
1.22980767203e+37, 4.39051702968e+36, 6.80980404054, 1.30726400772, -2.79893302118, -1.89541671081, 0, 0, 0
1.23196961941e+36, 1.87802840035e+35, 8.21536417402, 1.11042249782, -8.84323377182, -5.98857241022, 0, 0, 0
1.23358508703e+37, 4.40569274679e+36, 6.80775367987, 1.30674546012, -2.79464436776, -1.89251246648, 0, 0, 0
1.23736592972e+37, 4.42088626715e+36, 6.80571609595, 1.30622898312, -2.79037150305, -1.88961891415, 0, 0, 0
1.24115019639e+37, 4.43609754648e+36, 6.80369120488, 1.30571455382, -2.78611433451, -1.88673599114, 0, 0, 0
1.24493788333e+37, 4.45132654286e+36, 6.80167892347, 1.30520217356, -2.78187277034, -1.8838636353, 0, 0, 0
1.24872898684e+37, 4.46657358377e+36, 6.79690152255, 1.30408477049, -2.77764671947, -1.88100178495, 0, 0, 0
1.25146394118e+36, 1.94465664732e+35, 8.23886765855, 1.12686378191, -8.77408696331, -5.94174670365, 0, 0, 0
1.25252350325e+37, 4.48183788365e+36, 6.79491842439, 1.30357781416, -2.77343609159, -1.87815037894, 0, 0, 0
1.2563214289e+37, 4.49712014536e+36, 6.79294767523, 1.30307285409, -2.76924079708, -1.87530935657, 0, 0, 0
1.26012276013e+37, 4.51241995111e+36, 0.0, 0.0, -2.76506074703, -1.87247865764, 0, 0, 0
1.27104855582e+36, 2.01165901817e+35, 8.26221032973, 1.14319506179, -8.70622795545, -5.89579308615, 0, 0, 0
1.29072275694e+36, 2.07903355107e+35, 8.28539520063, 1.15941309211, -8.63961960441, -5.85068640418, 0, 0, 0
1.31048585342e+36, 2.14677736891e+35, 8.30842518192, 1.17551469312, -8.57422619393, -5.80640247095, 0, 0, 0
1.33033716892e+36, 2.21488811359e+35, 8.32279307342, 1.18870512978, -8.51001336751, -5.76291802051, 0, 0, 0
1.35027604139e+36, 2.28336348533e+35, 8.33713773977, 1.20179189632, -8.44694806461, -5.72021066451, 0, 0, 0
1.37030182257e+36, 2.35220138261e+35, 8.35145846653, 1.21477360341, -8.38499846037, -5.67825885136, 0, 0, 0
1.39041387753e+36, 2.42139900259e+35, 8.36575457812, 1.2276489155, -8.32413390858, -5.6370418277, 0, 0, 0
1.41061158426e+36, 2.49095479206e+35, 8.380025436, 1.24041668487, -8.26432488757, -5.59653960167, 0, 0, 0
1.43089433324e+36, 2.56086596146e+35, 8.39427043726, 1.25307575868, -8.20554294942, -5.55673290853, 0, 0, 0
1.45126152702e+36, 2.63113065005e+35, 8.40034125225, 1.26290246509, -8.14776067144, -5.51760317787, 0, 0, 0
1.47171257989e+36, 2.70174687141e+35, 8.40649872339, 1.27264463371, -8.09095161058, -5.47913250263, 0, 0, 0
1.49224691748e+36, 2.7727124159e+35, 8.42077459247, 1.28499644787, -8.03509025999, -5.44130360976, 0, 0, 0
1.51286397641e+36, 2.84402547086e+35, 8.42704052045, 1.29455432471, -7.980152008, -5.40409983243, 0, 0, 0
1.53356320397e+36, 2.91568366459e+35, 8.43338433753, 1.30402663739, -7.92611309918, -5.36750508363, 0, 0, 0
1.5543440578e+36, 2.98768537582e+35, 8.43980304039, 1.31341322232, -7.87295059738, -5.33150383118, 0, 0, 0
1.57520600556e+36, 3.06002877317e+35, 8.43847309639, 1.32007656089, -7.82064235069, -5.29608107396, 0, 0, 0
1.59614852467e+36, 3.13271177387e+35, 8.44508448348, 1.32930568793, -7.76916695813, -5.26122231938, 0, 0, 0
1.61717110201e+36, 3.20573270628e+35, 8.44404308938, 1.33584196934, -7.71850373801, -5.22691356197, 0, 0, 0
1.63827323365e+36, 3.27908977461e+35, 8.45083323318, 1.34491346518, -7.66863269799, -5.19314126305, 0, 0, 0
1.65945442454e+36, 3.3527810341e+35, 8.45006376775, 1.35132256911, -7.61953450654, -5.15989233146, 0, 0, 0
1.68071418839e+36, 3.42680508403e+35, 8.45701975005, 1.36023649996, -7.57119046558, -5.127154105, 0, 0, 0
1.7020520473e+36, 3.50115978566e+35, 8.456506713, 1.36651856406, -7.52358248487, -5.09491433309, 0, 0, 0
1.72346753152e+36, 3.57584373103e+35, 8.45613984801, 1.37274513838, -7.47669305748, -5.06316116016, 0, 0, 0
1.74496017939e+36, 3.6508554738e+35, 8.45591495865, 1.37891626559, -7.43050523607, -5.03188310961, 0, 0, 0
1.76652953692e+36, 3.726192958e+35, 8.45582798958, 1.38503196428, -7.38500261099, -5.00106906893, 0, 0, 0
1.78817515772e+36, 3.80185476752e+35, 8.45587502068, 1.39109233817, -7.34016928878, -4.9707082752, 0, 0, 0
1.80989660273e+36, 3.87783963991e+35, 8.44875627189, 1.39463119178, -7.2959898721, -4.94079030145, 0, 0, 0
1.8316934401e+36, 3.95414583128e+35, 8.44910359793, 1.40059664278, -7.25244944028, -4.91130504352, 0, 0, 0
1.85356524491e+36, 4.03077166421e+35, 8.44957329843, 1.40650701555, -7.20953353109, -4.88224270768, 0, 0, 0
1.87551159906e+36, 4.10771577279e+35, 8.44299472898, 1.40994320721, -7.16722812307, -4.85359379872, 0, 0, 0
1.89753209108e+36, 4.18497678186e+35, 8.44374074827, 1.41575900509, -7.12551961879, -4.82534910855, 0, 0, 0
1.91962631594e+36, 4.26255304631e+35, 8.43751424126, 1.41913204496, -7.08439482894, -4.79749970546, 0, 0, 0
1.94179387493e+36, 4.34044342193e+35, 8.43852146635, 1.42485360993, -7.04384095689, -4.77003692369, 0, 0, 0
1.96403437548e+36, 4.41864642512e+35, 8.43263008343, 1.42816343639, -7.00384558424, -4.74295235357, 0, 0, 0
1.98634743098e+36, 4.49716078629e+35, 8.42691995475, 1.43144947121, -6.96439665682, -4.71623783211, 0, 0, 0
2.00873266072e+36, 4.57598482624e+35, 8.42831216756, 1.43703780109, -6.92548247129, -4.6898854339, 0, 0, 0
2.03118968967e+36, 4.65511731846e+35, 8.42291310317, 1.44026052513, -6.88709166244, -4.6638874625, 0, 0, 0
2.05371814836e+36, 4.73455720167e+35, 8.41768301176, 1.44345928583, -6.84921319102, -4.63823644221, 0, 0, 0
2.07631767276e+36, 4.81430324357e+35, 8.41261787003, 1.44663399144, -6.811836332, -4.61292511013, 0, 0, 0
2.09898790418e+36, 4.89435371879e+35, 8.4077137733, 1.449784549, -6.77495066342, -4.58794640857, 0, 0, 0
2.12172848908e+36, 4.97470792295e+35, 8.40296693139, 1.45291093, -6.73854605564, -4.56329347782, 0, 0, 0
2.14453907903e+36, 5.05536398851e+35, 8.39837366441, 1.45601305884, -6.70261266114, -4.53895964922, 0, 0, 0
2.1674193305e+36, 5.13632106958e+35, 8.393930399, 1.45909090646, -6.66714090468, -4.51493843848, 0, 0, 0
2.19036890487e+36, 5.21757805944e+35, 8.38963366445, 1.4621444639, -6.63212147388, -4.49122353931, 0, 0, 0
2.21338746819e+36, 5.29913389144e+35, 8.37888254391, 1.46298066529, -6.59754531016, -4.46780881735, 0, 0, 0
2.23647469117e+36, 5.38098687113e+35, 8.37490299377, 1.46599969828, -6.56340360014, -4.4446883042, 0, 0, 0
2.25963024904e+36, 5.46313632149e+35, 8.37105971766, 1.46899429504, -6.52968776729, -4.42185619192, 0, 0, 0
2.28285382146e+36, 5.54558087439e+35, 8.36734962961, 1.47196443868, -6.49638946398, -4.39930682756, 0, 0, 0
2.30614509241e+36, 5.62831951977e+35, 8.35730622904, 1.4727734475, -6.46350056383, -4.37703470798, 0, 0, 0
2.32950375013e+36, 5.71135119524e+35, 8.3538860875, 1.47570839382, -6.43101315435, -4.3550344749, 0, 0, 0
2.35292948699e+36, 5.79467446826e+35, 8.34419106699, 1.47650974719, -6.3989195299, -4.33330091014, 0, 0, 0
2.37642199941e+36, 5.87828891442e+35, 8.34104796229, 1.47940911818, -6.36721218496, -4.31182893099, 0, 0, 0
2.3999809878e+36, 5.96219263336e+35, 8.33168720687, 1.480201948, -6.33588380751, -4.29061358582, 0, 0, 0
2.40171811953e+35, -1.36828902451e+35, 0.0, 0.0, -20.0285766848, -13.5632037833, 0, 0, 0
2.42360615646e+36, 6.04638541357e+35, 8.32880892749, 1.48306545588, -6.30492727289, -4.26965004987, 0, 0, 0
2.44729721352e+36, 6.13086592159e+35, 8.31976905558, 1.48384898435, -6.27433563769, -4.2489336211, 0, 0, 0
2.47105387079e+36, 6.21563306969e+35, 8.31714404262, 1.48667641247, -6.2441021341, -4.2284597164, 0, 0, 0
2.49487584379e+36, 6.30068566821e+35, 8.3084123595, 1.48744989483, -6.21422016417, -4.2082238677, 0, 0, 0
2.5065515042e+35, -1.33728411211e+35, 1.96052682284e-14, 4.42551355795e-09, -19.6052682284, -13.276542432, 0, 0, 0
2.51876285161e+36, 6.38602277387e+35, 8.29984498133, 1.48822460802, -6.18468329458, -4.18822171838, 0, 0, 0
2.54271461683e+36, 6.47164371361e+35, 8.297594119, 1.49100386425, -6.15548525148, -4.16844901986, 0, 0, 0
2.56673086549e+36, 6.55754805079e+35, 8.28931674569, 1.49176750552, -6.12661991551, -4.14890162814, 0, 0, 0
2.590811327e+36, 6.6437333046e+35, 8.28119442849, 1.4925316573, -6.098081317, -4.12957550061, 0, 0, 0
2.61425571708e+35, -1.30519660416e+35, 1.91971638499e-14, 4.33339170367e-09, -19.1971638499, -13.0001771696, 0, 0, 0
2.61495573408e+36, 6.73019951068e+35, 8.27322412965, 1.49329611588, -6.06986363144, -4.11046669295, 0, 0, 0
2.6391638227e+36, 6.81694616835e+35, 8.26540288738, 1.49406063932, -6.04196117498, -4.0915713561, 0, 0, 0
2.66343533199e+36, 6.90397143326e+35, 8.25772781353, 1.49482495251, -6.01436840024, -4.07288573342, 0, 0, 0
2.6877700042e+36, 6.99127526227e+35, 8.25618317128, 1.49751833601, -5.98707989215, -4.05440615786, 0, 0, 0
2.71216758468e+36, 7.07885540044e+35, 8.24876506375, 1.49826962217, -5.96009036398, -4.03612904929, 0, 0, 0
2.72467919147e+35, -1.27207879517e+35, 1.88041374646e-14, 4.24467342153e-09, -18.8041374646, -12.7340226125, 0, 0, 0
2.73662782173e+36, 7.16671221602e+35, 8.2414851738, 1.49902020443, -5.93339465356, -4.01805091193, 0, 0, 0
2.76115046663e+36, 7.25484467311e+35, 8.23434088109, 1.49976988277, -5.90698771958, -4.00016833182, 0, 0, 0
2.78573527354e+36, 7.34325108861e+35, 8.22732962857, 1.50051842931, -5.88086463801, -3.98247797447, 0, 0, 0
2.81038199945e+36, 7.43193162016e+35, 8.22044892058, 1.50126568961, -5.8550205987, -3.96497658248, 0, 0, 0
2.83509040417e+36, 7.52088581418e+35, 8.21369632103, 1.50201150167, -5.82945090208, -3.94766097331, 0, 0, 0
2.8376899599e+35, -1.23797692144e+35, 1.84258967426e-14, 4.1592927193e-09, -18.4258967426, -12.4778807971, 0, 0, 0
2.85986025019e+36, 7.61011083844e+35, 8.20706945171, 1.50275563564, -5.80415095595, -3.93052803719, 0, 0, 0
2.88469130273e+36, 7.69960740514e+35, 8.19478687425, 1.50166091001, -5.77911627239, -3.91357473491, 0, 0, 0
2.90958332962e+36, 7.78937474307e+35, 8.18842932741, 1.50241234341, -5.7543424648, -3.8967980959, 0, 0, 0
2.93453610129e+36, 7.87941134646e+35, 8.18219044993, 1.5031615404, -5.72982524505, -3.88019521628, 0, 0, 0
2.95317183779e+35, -1.20293205056e+35, 1.80620377558e-14, 4.07715841355e-09, -18.0620377558, -12.2314781863, 0, 0, 0
2.95954939073e+36, 7.96971675808e+35, 8.17606808273, 1.50390839126, -5.70556042061, -3.86376325689, 0, 0, 0
2.9846229734e+36, 8.06028978895e+35, 8.17006011669, 1.50465273125, -5.681543892, -3.8474994416, 0, 0, 0
3.00975662721e+36, 8.15113029223e+35, 8.16416449107, 1.5053944722, -5.65777165008, -3.83140105546, 0, 0, 0
3.03495013255e+36, 8.24223739686e+35, 8.15274495243, 1.50436115843, -5.63423977362, -3.81546544301, 0, 0, 0
3.06020327207e+36, 8.33361037612e+35, 8.1470913078, 1.50510768856, -5.61094442686, -3.79969000673, 0, 0, 0
3.07102156849e+35, -1.16698095201e+35, 1.7712084342e-14, 3.99816303375e-09, -17.712084342, -11.9944923265, 0, 0, 0
3.08551583085e+36, 8.42524772839e+35, 8.14154386583, 1.50585115263, -5.58788185712, -3.78407220532, 0, 0, 0
3.11088759621e+36, 8.51714994517e+35, 8.13053570161, 1.50485015554, -5.56504839262, -3.76860955228, 0, 0, 0
3.13631835772e+36, 8.6093148547e+35, 8.12521768535, 1.50559723629, -5.54244044021, -3.75329961437, 0, 0, 0
3.16180790717e+36, 8.70174324348e+35, 8.12000014497, 1.50634088926, -5.52005448332, -3.73814001017, 0, 0, 0
3.18735603857e+36, 8.79443321238e+35, 8.10938344273, 1.50536978346, -5.49788707982, -3.7231284087, 0, 0, 0
3.19114663936e+35, -1.13015674742e+35, 1.73755165416e-14, 3.92218921144e-09, -17.3755165416, -11.766571105, 0, 0, 0
3.21296254799e+36, 8.88738486561e+35, 8.10438359299, 1.50611603608, -5.47593486013, -3.70826252813, 0, 0, 0
3.23862723365e+36, 8.98059653507e+35, 8.09947887, 1.50685847101, -5.45419452525, -3.69354013438, 0, 0, 0
3.26434989585e+36, 9.0740686077e+35, 8.08923497604, 1.50591504514, -5.43266284489, -3.67895903991, 0, 0, 0
3.2901303369e+36, 9.16779965776e+35, 8.0845369636, 1.5066591701, -5.41133665569, -3.66451710255, 0, 0, 0
3.31346357881e+35, -1.0924897014e+35, 1.70517911296e-14, 3.84911432351e-09, -17.0517911296, -11.5473466538, 0, 0, 0
3.31596836111e+36, 9.26178833488e+35, 8.0745388635, 1.50573622162, -5.39021285948, -3.65021222421, 0, 0, 0
3.34186377481e+36, 9.35603641366e+35, 8.07004049758, 1.50648141173, -5.36928842154, -3.63604234983, 0, 0, 0
3.36781638618e+36, 9.45054080297e+35, 8.06028047621, 1.50557799265, -5.34856036908, -3.62200546623, 0, 0, 0
3.39382600541e+36, 9.54530151571e+35, 8.05597499369, 1.50632363611, -5.32802578948, -3.60809960101, 0, 0, 0
3.41989244448e+36, 9.64031765022e+35, 8.04644565262, 1.50543879528, -5.3076818289, -3.5943228216, 0, 0, 0
3.43789660646e+35, -1.05400696562e+35, 1.6740356377e-14, 3.7788138031e-09, -16.740356377, -11.3364453461, 0, 0, 0
3.44601551728e+36, 9.73558945471e+35, 8.04232657561, 1.50618437753, -5.28752569074, -3.58067323412, 0, 0, 0
3.47219503951e+36, 9.8311162457e+35, 8.03302081706, 1.50531727498, -5.26755463414, -3.56714898252, 0, 0, 0
3.49843082862e+36, 9.92689644163e+35, 8.02383417223, 1.50446316078, -5.24776597268, -3.55374824755, 0, 0, 0
3.52472270386e+36, 1.00229295458e+36, 8.01999294991, 1.50521206609, -5.22815707296, -3.54046924589, 0, 0, 0
3.5510704862e+36, 1.01192162371e+36, 8.01101959331, 1.50437435656, -5.20872535326, -3.52731022924, 0, 0, 0
3.56437654757e+35, -1.01473383544e+35, 1.6440662578e-14, 3.7111635966e-09, -16.440662578, -11.1334949251, 0, 0, 0
3.57747399832e+36, 1.02157541486e+36, 8.00734955966, 1.50512194282, -5.18946828235, -3.51426948346, 0, 0, 0
3.60393306461e+36, 1.03125441389e+36, 7.99858308595, 1.50429988094, -5.17038337812, -3.50134532767, 0, 0, 0
3.63044751108e+36, 1.0409584003e+36, 7.98992718827, 1.50348958233, -5.15146820649, -3.48853611354, 0, 0, 0
3.65701716541e+36, 1.05068748151e+36, 7.98651291158, 1.50423857588, -5.13272038019, -3.47584022443, 0, 0, 0
3.68364185683e+36, 1.06044156084e+36, 7.97805458993, 1.50344279831, -5.11413755765, -3.46325607465, 0, 0, 0
3.69283994902e+35, -9.74693261059e+34, 1.61521694547e-14, 3.64604173748e-09, -16.1521694547, -10.9381295188, 0, 0, 0
3.71032141625e+36, 1.07022043886e+36, 7.96970207902, 1.50265811042, -5.09571744183, -3.45078210865, 0, 0, 0
3.73705567604e+36, 1.08002414228e+36, 7.96145379788, 1.50188429427, -5.07745777926, -3.4384168004, 0, 0, 0
3.76384447018e+36, 1.08985271057e+36, 7.95836755256, 1.50263621778, -5.05935635891, -3.42615865261, 0, 0, 0
3.79068763412e+36, 1.09970596566e+36, 7.95030516472, 1.50187546954, -5.04141101124, -3.41400619609, 0, 0, 0
3.81758500483e+36, 1.10958396491e+36, 7.94234259892, 1.50112499543, -5.02361960716, -3.40195798903, 0, 0, 0
3.82322835121e+35, -9.33906585742e+34, 1.58743512572e-14, 3.58332952945e-09, -15.8743512572, -10.7499930932, 0, 0, 0
3.84453642075e+36, 1.11948642933e+36, 7.93447839058, 1.50038454644, -5.00598005715, -3.39001261641, 0, 0, 0
3.87154172174e+36, 1.12941354668e+36, 7.93169959335, 1.50113757712, -4.98849031028, -3.37816868937, 0, 0, 0
3.89860074915e+36, 1.13936516825e+36, 7.92401047519, 1.50040891198, -4.97114835332, -3.36642484457, 0, 0, 0
3.9257133457e+36, 1.14934126826e+36, 7.91641563138, 1.4996897544, -4.95395220987, -3.35477974359, 0, 0, 0
3.9528793555e+36, 1.15934171092e+36, 7.90891370315, 1.4989798853, -4.93689993954, -3.34323207243, 0, 0, 0
3.95548768222e+35, -8.92393461335e+34, 1.56067001598e-14, 3.52291235948e-09, -15.6067001598, -10.5687417525, 0, 0, 0
3.98009862403e+36, 1.16936648339e+36, 7.90150335717, 1.49827911782, -4.9199896371, -3.33178054086, 0, 0, 0
4.00737099813e+36, 1.17941546321e+36, 7.89418328492, 1.4975872643, -4.90321943163, -3.32042388194, 0, 0, 0
4.03469632597e+36, 1.18948877207e+36, 7.88695220214, 1.49690415965, -4.88658748584, -3.30916085143, 0, 0, 0
4.06207445704e+36, 1.19958630256e+36, 7.88467894024, 1.49766087997, -4.87009199521, -3.29799022736, 0, 0, 0
4.0895052421e+36, 1.2097079493e+36, 7.87760571702, 1.49698749759, -4.85373118732, -3.28691080944, 0, 0, 0
4.08956774938e+35, -8.50172332071e+34, 1.53487284014e-14, 3.4646801199e-09, -15.3487284014, -10.3940451885, 0, 0, 0
4.11698853325e+36, 1.21985361687e+36, 7.87061790342, 1.49632237638, -4.83750332109, -3.27592141863, 0, 0, 0
4.14452418376e+36, 1.23002333382e+36, 7.86371430508, 1.49566536403, -4.82140668613, -3.26502089665, 0, 0, 0
4.17211204821e+36, 1.24021689127e+36, 7.85689374924, 1.49501627402, -4.80543960198, -3.25420810553, 0, 0, 0
4.19975198238e+36, 1.25043458272e+36, 7.85015508433, 1.49437498467, -4.78960041753, -3.24348192714, 0, 0, 0
4.22542180879e+35, -8.07260131118e+34, 1.50999695015e-14, 3.40852751238e-09, -15.0999695015, -10.225587504, 0, 0, 0
4.22744384327e+36, 1.26067596021e+36, 7.84349717944, 1.49374130564, -4.77388751031, -3.23284126276, 0, 0, 0
4.25518748908e+36, 1.27094133324e+36, 7.83691892389, 1.49311511739, -4.75829928591, -3.22228503265, 0, 0, 0
4.28298277916e+36, 1.28123038637e+36, 7.83041922678, 1.49249623696, -4.74283417733, -3.21181217567, 0, 0, 0
4.31082957406e+36, 1.29154319088e+36, 7.82399701654, 1.49188452632, -4.72749064443, -3.20142164884, 0, 0, 0
4.33872773546e+36, 1.30187969599e+36, 7.8176512405, 1.49127986416, -4.7122671733, -3.19111242694, 0, 0, 0
4.36300619831e+35, -7.63672938766e+34, 1.48599788019e-14, 3.35435415277e-09, -14.8599788019, -10.0630675798, 0, 0, 0
4.36667712614e+36, 1.31223972641e+36, 7.81138086454, 1.49068207327, -4.69716227573, -3.18088350218, 0, 0, 0
4.39467761005e+36, 1.3226235024e+36, 7.80518487256, 1.49009106426, -4.68217448864, -3.17073388378, 0, 0, 0
4.42272905222e+36, 1.33303072869e+36, 7.79906226623, 1.48950667182, -4.66730237356, -3.1606625976, 0, 0, 0
4.45083131876e+36, 1.34346137441e+36, 7.79301206448, 1.48892875982, -4.65254451611, -3.15066868584, 0, 0, 0
4.47898427688e+36, 1.35391554911e+36, 7.78703330323, 1.48835723133, -4.63789952545, -3.14075120664, 0, 0, 0
4.50228002249e+35, -7.19425607394e+34, 1.46283335195e-14, 3.30206462138e-09, -14.6283335195, -9.90619911027, 0, 0, 0
4.50718779481e+36, 1.36439310079e+36, 7.78112503499, 1.48779194752, -4.62336603386, -3.13090923379, 0, 0, 0
4.53544174186e+36, 1.37489401456e+36, 7.77067738576, 1.48591574103, -4.60894269618, -3.12114185634, 0, 0, 0
4.56374598837e+36, 1.38541828426e+36, 7.76492164005, 1.48536879563, -4.59462818938, -3.11144817836, 0, 0, 0
4.59210040568e+36, 1.39596577028e+36, 7.7592335333, 1.48482767714, -4.5804212121, -3.10182731857, 0, 0, 0
4.62050486618e+36, 1.4065364729e+36, 7.75361218215, 1.48429229363, -4.56632048419, -3.09227841007, 0, 0, 0
4.64320488025e+35, -6.74532162212e+34, 1.44046324503e-14, 3.25156835466e-09, -14.4046324503, -9.75471040311, 0, 0, 0
4.64895924321e+36, 1.41713026105e+36, 7.74805671815, 1.4837625074, -4.55232474627, -3.08280060002, 0, 0, 0
4.67746341112e+36, 1.42774728305e+36, 7.74256628741, 1.48323824212, -4.53843275933, -3.07339304936, 0, 0, 0
4.70601724521e+36, 1.43838741962e+36, 7.73714005032, 1.48271938262, -4.52464330428, -3.06405493253, 0, 0, 0
4.73462062177e+36, 1.44905040767e+36, 7.73177718122, 1.48220581506, -4.51095518158, -3.05478543722, 0, 0, 0
4.76327341798e+36, 1.45973655608e+36, 7.72197950097, 1.48042857239, -4.49736721082, -3.04558376407, 0, 0, 0
4.78574462848e+35, -6.29005965024e+34, 1.41884954286e-14, 3.2027795147e-09, -14.1884954286, -9.6083440129, 0, 0, 0
4.79197551205e+36, 1.47044575468e+36, 7.71675443437, 1.47993111896, -4.48387823032, -3.03644912638, 0, 0, 0
4.82072678302e+36, 1.48117775278e+36, 7.71159024199, 1.47943861941, -4.47048709681, -3.02738074996, 0, 0, 0
4.84952711091e+36, 1.49193258948e+36, 7.70648615236, 1.47895097694, -4.45719268499, -3.01837787275, 0, 0, 0
4.87837637658e+36, 1.50271030948e+36, 7.70144140664, 1.47846811962, -4.44399388727, -3.00943974469, 0, 0, 0
4.90727446184e+36, 1.51351081506e+36, 7.69202436868, 1.47674954708, -4.43088961329, -3.00056562741, 0, 0, 0
4.92986517539e+35, -5.82859282687e+34, 1.39795626204e-14, 3.1556169011e-09, -13.9795626204, -9.46685626271, 0, 0, 0
4.93622124934e+36, 1.52433401415e+36, 7.68710909409, 1.47628152738, -4.41787878971, -2.99175479405, 0, 0, 0
4.96521662264e+36, 1.53517996335e+36, 7.68225086741, 1.47581798382, -4.40496035975, -2.98300652897, 0, 0, 0
4.99426046612e+36, 1.54604857747e+36, 7.67744897869, 1.47535882833, -4.392133283, -2.9743201276, 0, 0, 0
5.02335266501e+36, 1.55693992299e+36, 7.66832333278, 1.47368553282, -4.379396535, -2.96569489619, 0, 0, 0
5.05249310542e+36, 1.56785377275e+36, 7.6636446827, 1.47324028623, -4.36674910695, -2.95713015159, 0, 0, 0
5.07553429907e+35, -5.36104008662e+34, 1.37774937091e-14, 3.11000368524e-09, -13.7774937091, -9.33001669269, 0, 0, 0
5.08168167425e+36, 1.57879019982e+36, 7.65902021958, 1.47279915533, -4.35419000544, -2.94862522107, 0, 0, 0
5.11091825925e+36, 1.58974913345e+36, 7.65010756026, 1.47115958969, -4.34171825213, -2.94017944211, 0, 0, 0
5.14020274896e+36, 1.60073050369e+36, 7.64560187221, 1.47073169282, -4.32933288347, -2.93179216219, 0, 0, 0
5.16953503271e+36, 1.6117342438e+36, 7.64114832222, 1.47030763876, -4.3170329504, -2.92346273862, 0, 0, 0
5.19891500067e+36, 1.62276044667e+36, 7.63674627711, 1.46988736324, -4.3048175181, -2.91519053834, 0, 0, 0
5.22272148775e+35, -4.88751264439e+34, 1.35819670169e-14, 3.06586724998e-09, -13.5819670169, -9.19760746493, 0, 0, 0
5.22834254374e+36, 1.63380905339e+36, 7.62810242794, 1.46828907084, -4.2926856657, -2.90697493775, 0, 0, 0
5.25781755363e+36, 1.64488000886e+36, 7.6238135816, 1.46788122981, -4.28063648602, -2.89881532251, 0, 0, 0
5.28733992281e+36, 1.6559732595e+36, 7.6195743173, 1.46747693346, -4.26866908532, -2.8907110874, 0, 0, 0
5.31690954448e+36, 1.66708859973e+36, 7.61112725852, 1.46590947766, -4.25678258306, -2.88266163612, 0, 0, 0
5.34652631262e+36, 1.67822629694e+36, 7.60699719204, 1.46551701978, -4.24497611163, -2.87466638111, 0, 0, 0
5.37139779798e+35, -4.40811609003e+34, 1.33926785939e-14, 3.02313898603e-09, -13.3926785939, -9.06942274692, 0, 0, 0
5.37619012192e+36, 1.68938615134e+36, 7.60291487375, 1.46512788284, -4.23324881612, -2.86672474345, 0, 0, 0
5.40590086785e+36, 1.70056812096e+36, 7.59465813746, 1.46359012866, -4.22159985406, -2.85883615263, 0, 0, 0
5.43565844659e+36, 1.71177216909e+36, 7.59068119664, 1.46321227495, -4.21002839525, -2.85100004643, 0, 0, 0
5.46546275496e+36, 1.72299826031e+36, 7.58255172044, 1.4616953056, -4.19853362151, -2.84321587079, 0, 0, 0
5.49531369058e+36, 1.73424636265e+36, 7.57867765478, 1.46132837656, -4.1871147264, -2.8354830796, 0, 0, 0
5.52153572888e+35, -3.92295134786e+34, 1.32093412992e-14, 2.98175407512e-09, -13.2093412992, -8.94526808888, 0, 0, 0
5.52521115174e+36, 1.74551661292e+36, 7.57484843996, 1.4609644159, -4.17577091508, -2.8278011346, 0, 0, 0
5.55515503741e+36, 1.7568086547e+36, 7.56689905127, 1.45947530662, -4.16450140411, -2.82016950524, 0, 0, 0
5.58514524727e+36, 1.76812279768e+36, 7.56316917192, 1.45912176408, -4.15330542115, -2.8125876685, 0, 0, 0
5.61518168166e+36, 1.77945868869e+36, 7.55534034168, 1.45765221908, -4.14218220487, -2.80505510882, 0, 0, 0
5.64526424158e+36, 1.79081647742e+36, 7.55170747654, 1.45730876287, -4.13113100467, -2.7975713179, 0, 0, 0
5.67310910968e+35, -3.43211325667e+34, 1.30316838893e-14, 2.94165130009e-09, -13.0316838893, -8.82495980679, 0, 0, 0
5.67539282872e+36, 1.8021961496e+36, 7.54811677954, 1.45696793487, -4.12015108054, -2.79013579461, 0, 0, 0
5.7055673454e+36, 1.8135975235e+36, 7.54045852471, 1.45552458821, -4.10924170284, -2.78274804484, 0, 0, 0
5.7357876946e+36, 1.82502059142e+36, 7.53696155779, 1.4551933885, -4.09840215214, -2.77540758139, 0, 0, 0
5.76605377996e+36, 1.83646551598e+36, 7.52941762643, 1.45376847532, -4.08763171902, -2.76811392385, 0, 0, 0
5.79636550573e+36, 1.84793212399e+36, 7.52601223339, 1.45344660114, -4.0769297039, -2.76086659848, 0, 0, 0
5.82609299913e+35, -2.93569346931e+34, 1.2859450128e-14, 2.90277280275e-09, -12.859450128, -8.7083243793, 0, 0, 0
5.82672277678e+36, 1.85942041375e+36, 7.5185802258, 1.45203967654, -4.06629541687, -2.75366513807, 0, 0, 0
5.85712549864e+36, 1.8709302146e+36, 7.51526431297, 1.45172682442, -4.05572817753, -2.74650908186, 0, 0, 0
5.88757357742e+36, 1.88246152775e+36, 7.50794189629, 1.4503374524, -4.04522731481, -2.7393979754, 0, 0, 0
5.91806691986e+36, 1.89401453622e+36, 7.50471343024, 1.45003333417, -4.0347921668, -2.73233137046, 0, 0, 0
5.9486054333e+36, 1.90558907359e+36, 7.49749833617, 1.44866113017, -4.02442208061, -2.7253088249, 0, 0, 0
5.97918902568e+36, 1.91718515307e+36, 7.49435534161, 1.44836547734, -4.01411641222, -2.7183299026, 0, 0, 0
5.9804635951e+35, -2.43377865118e+34, 1.26923979237e-14, 2.86506394811e-09, -12.6923979237, -8.59519786389, 0, 0, 0
6.00981760549e+36, 1.9288026102e+36, 7.48724536421, 1.44701002447, -4.00387452631, -2.71139417332, 0, 0, 0
6.04049108187e+36, 1.94044146192e+36, 7.48418592193, 1.44672256233, -3.99369579612, -2.70450121263, 0, 0, 0
6.07120936451e+36, 1.95210190737e+36, 7.47717891537, 1.44538348692, -3.98357960329, -2.69765060177, 0, 0, 0
6.10197236364e+36, 1.96378342682e+36, 7.4742011603, 1.44510396045, -3.97352533774, -2.69084192762, 0, 0, 0
6.13277999011e+36, 1.9754865879e+36, 7.46729503695, 1.44378087977, -3.96353239753, -2.68407478252, 0, 0, 0
6.13619815311e+35, -1.9264513848e+34, 1.25302985022e-14, 2.82847309257e-09, -12.5302985022, -8.48542533631, 0, 0, 0
6.16363215529e+36, 1.98721087188e+36, 7.46439715626, 1.44350904541, -3.9536001887, -2.67734876426, 0, 0, 0
6.19452877113e+36, 1.99895648945e+36, 7.45758988462, 1.44220160565, -3.94372812513, -2.67066347594, 0, 0, 0
6.22546975013e+36, 2.01072328811e+36, 7.45083620032, 1.44090382668, -3.93391562847, -2.66401852587, 0, 0, 0
6.25645500531e+36, 2.02251130041e+36, 7.44805971881, 1.44064506589, -3.92416212793, -2.65741352755, 0, 0, 0
6.28748445027e+36, 2.03432056403e+36, 7.44140188146, 1.43936238139, -3.91446706021, -2.6508480995, 0, 0, 0
6.29327491264e+35, -1.41379122786e+34, 1.23729356161e-14, 2.79295142054e-09, -12.3729356161, -8.37886035536, 0, 0, 0
6.31855799908e+36, 2.04615093037e+36, 7.43870090113, 1.43911070927, -3.90482986936, -2.64432186524, 0, 0, 0
6.34967556643e+36, 2.05800243934e+36, 7.43213701266, 1.43784277247, -3.89525000664, -2.63783445316, 0, 0, 0
6.38083706743e+36, 2.06987513462e+36, 7.42950989099, 1.43759798026, -3.88572693043, -2.63138549649, 0, 0, 0
6.41204241779e+36, 2.08176887345e+36, 7.42303810321, 1.43634447947, -3.87626010611, -2.62497463318, 0, 0, 0
6.4432915337e+36, 2.09368350949e+36, 7.41661639336, 1.43509996033, -3.86684900592, -2.61860150584, 0, 0, 0
6.45167303045e+35, -8.95874148345e+33, 1.22201047937e-14, 2.75845277424e-09, -12.2201047937, -8.27536445443, 0, 0, 0
6.47458433185e+36, 2.10561928478e+36, 7.41410175527, 1.43486696039, -3.85749310888, -2.61226576166, 0, 0, 0
6.50592072944e+36, 2.11757606094e+36, 7.40776940876, 1.43363638628, -3.84819190065, -2.60596705234, 0, 0, 0
6.53730064419e+36, 2.12955369611e+36, 7.40532466089, 1.43340972931, -3.83894487345, -2.59970503401, 0, 0, 0
6.56872399426e+36, 2.14155224787e+36, 7.39907994812, 1.43219278979, -3.82975152594, -2.59347936717, 0, 0, 0
6.60019069838e+36, 2.1535717739e+36, 7.39288298763, 1.4309843858, -3.82061136312, -2.5872897166, 0, 0, 0
6.61137251988e+35, -3.72772789742e+33, 1.20716126287e-14, 2.72493350285e-09, -12.0716126287, -8.17480666012, 0, 0, 0
6.63170067569e+36, 2.16561213984e+36, 7.39054483476, 1.43076869539, -3.81152389622, -2.58113575132, 0, 0, 0
6.66325384585e+36, 2.17767340905e+36, 7.38443294395, 1.42957347986, -3.80248864261, -2.57501714451, 0, 0, 0
6.69485012898e+36, 2.18975544736e+36, 7.37836746952, 1.4283865278, -3.79350512572, -2.5689335734, 0, 0, 0
6.72648944566e+36, 2.20185812167e+36, 7.37613253318, 1.42818133431, -3.7845728749, -2.56288471931, 0, 0, 0
6.75817171698e+36, 2.21398170251e+36, 7.3701496623, 1.42700713507, -3.77569142536, -2.55687026746, 0, 0, 0
6.77235419564e+35, 1.55442917112e+33, 1.39549130474, 0.00440475617662, -11.9272761089, -8.07706303802, 0, 0, 0
6.78989686442e+36, 2.22612605965e+36, 7.36421192184, 1.42584096134, -3.76686031808, -2.55088990702, 0, 0, 0
6.82166480999e+36, 2.23829106681e+36, 7.36207695629, 1.42564580292, -3.75807909969, -2.54494333097, 0, 0, 0
6.85347547611e+36, 2.25047679715e+36, 7.35621944658, 1.42449196468, -3.74934732241, -2.53903023608, 0, 0, 0
6.88532878565e+36, 2.26268312549e+36, 7.35040582889, 1.42334590081, -3.74066454397, -2.53315032282, 0, 0, 0
6.91722466195e+36, 2.27490992408e+36, 7.34836771478, 1.42316035176, -3.73203032747, -2.52730329536, 0, 0, 0
6.93459962329e+35, 6.88705952326e+33, 2.85243512039, 0.0374767672552, -11.7869219851, -7.98201626493, 0, 0, 0
6.94916302879e+36, 2.28715748233e+36, 7.34263204395, 1.42202623048, -3.72344424136, -2.52148886144, 0, 0, 0
6.98114381034e+36, 2.2994256772e+36, 7.33693907217, 1.4208996552, -3.71490585933, -2.51570673237, 0, 0, 0
7.01316693126e+36, 2.31171438706e+36, 7.33499481049, 1.42072331542, -3.70641476023, -2.50995662295, 0, 0, 0
7.04523231661e+36, 2.32402349091e+36, 7.32937758647, 1.4196082984, -3.69797052799, -2.50423825143, 0, 0, 0
7.07733989186e+36, 2.33635328617e+36, 7.32380191182, 1.41850061572, -3.68957275155, -2.49855133942, 0, 0, 0
7.09809107314e+35, 1.2269520064e+34, 3.70482280422, 0.0826302934702, -11.6503861768, -7.88955522686, 0, 0, 0
7.10948958294e+36, 2.3487034465e+36, 7.32194861827, 1.41833309298, -3.68122102477, -2.49289561191, 0, 0, 0
7.14168131619e+36, 2.36107406304e+36, 7.31644657318, 1.41723660197, -3.67291494638, -2.48727079714, 0, 0, 0
7.17391501831e+36, 2.37346502047e+36, 7.31098496914, 1.41614722898, -3.66465411987, -2.48167662662, 0, 0, 0
7.20619061649e+36, 2.38587641294e+36, 7.30556343059, 1.41506490719, -3.65643815345, -2.47611283501, 0, 0, 0
7.23850803826e+36, 2.39830812809e+36, 7.30382985325, 1.41490962461, -3.64826665997, -2.47057916015, 0, 0, 0
7.26281147783e+35, 1.77011879272e+34, 4.33058496913, 0.132983247834, -11.5175132158, -7.79957464182, 0, 0, 0
7.27086721159e+36, 2.41076026623e+36, 7.29847920996, 1.41383802428, -3.64013925684, -2.46507534295, 0, 0, 0
7.30326806484e+36, 2.42323271558e+36, 7.29316757647, 1.41277326731, -3.63205556597, -2.45960112737, 0, 0, 0
7.33571052677e+36, 2.43572558108e+36, 7.28789459479, 1.41171528961, -3.62401521372, -2.45415626038, 0, 0, 0
7.36819452651e+36, 2.4482385332e+36, 7.28627592904, 1.41157158495, -3.61601783079, -2.44874049189, 0, 0, 0
7.4007199936e+36, 2.46077167863e+36, 7.28107123934, 1.41052387441, -3.6080630522, -2.44335357475, 0, 0, 0
7.42874439352e+35, 2.3181468873e+34, 4.81718987101, 0.184561816139, -11.3881557234, -7.71197470612, 0, 0, 0
7.43328685796e+36, 2.47332535172e+36, 7.27590419529, 1.40948275686, -3.60015051721, -2.43799526466, 0, 0, 0
7.46589504988e+36, 2.48589899998e+36, 7.27077445538, 1.40844815135, -3.59227986926, -2.43266532017, 0, 0, 0
7.49854450006e+36, 2.49849273766e+36, 7.26926613292, 1.40831539608, -3.58445075588, -2.42736350257, 0, 0, 0
7.53123513955e+36, 2.51110668026e+36, 7.26420220504, 1.40729064812, -3.57666282867, -2.42208957595, 0, 0, 0
7.56396689974e+36, 2.52374094674e+36, 7.25917462179, 1.4062722446, -3.56891574326, -2.41684330709, 0, 0, 0
7.59587396397e+35, 2.87097856209e+34, 5.22564869979, 0.237548522396, -11.262173922, -7.62666076328, 0, 0, 0
7.59673971247e+36, 2.53639498239e+36, 7.2541830572, 1.40526010408, -3.56120915915, -2.41162446542, 0, 0, 0
7.62955350989e+36, 2.54906936012e+36, 7.24922718916, 1.40425418764, -3.55354273978, -2.406432823, 0, 0, 0
7.66240822449e+36, 2.56176375016e+36, 7.24785261551, 1.40413503829, -3.5459161524, -2.40126815452, 0, 0, 0
7.69530378921e+36, 2.57447805009e+36, 7.2429596022, 1.40313846437, -3.538329068, -2.39613023716, 0, 0, 0
7.72824013723e+36, 2.58721238565e+36, 7.23810138073, 1.40214793382, -3.53078116133, -2.39101885067, 0, 0, 0
7.76121720217e+36, 2.59996688704e+36, 7.23327764343, 1.40116339614, -3.52327211078, -2.38593377725, 0, 0, 0
7.76418488757e+35, 3.4285585617e+34, 5.58085702347, 0.291658424091, -11.1394351766, -7.54354299402, 0, 0, 0
7.79423491797e+36, 2.61274122383e+36, 7.22848808619, 1.40018478213, -3.51580159834, -2.38087480156, 0, 0, 0
7.82729321891e+36, 2.62553552831e+36, 7.22724077776, 1.40007834531, -3.50836930959, -2.37584171067, 0, 0, 0
7.86039203963e+36, 2.63834970018e+36, 7.222511288, 1.39910860739, -3.50097493359, -2.37083429401, 0, 0, 0
7.89353131511e+36, 2.65118364292e+36, 7.21781512451, 1.39814464062, -3.49361816288, -2.36585234337, 0, 0, 0
7.92671098064e+36, 2.66403772748e+36, 7.21315199664, 1.3971863902, -3.4862986934, -2.36089565285, 0, 0, 0
7.93366238674e+35, 3.99083272958e+34, 5.87356063147, 0.342829261933, -11.0198135675, -7.46253612635, 0, 0, 0
7.95993097189e+36, 2.67691162381e+36, 7.20852161705, 1.39623380041, -3.47901622445, -2.35596401882, 0, 0, 0
7.99319122484e+36, 2.68980523717e+36, 7.20392370168, 1.39528681362, -3.47177045864, -2.35105723989, 0, 0, 0
8.02649167577e+36, 2.7027187075e+36, 7.20282253082, 1.39519510719, -3.46456110189, -2.34617511689, 0, 0, 0
8.05983226137e+36, 2.71565194245e+36, 7.19828153135, 1.39425646385, -3.45738786328, -2.34131745283, 0, 0, 0
8.09321291859e+36, 2.72860484699e+36, 7.19377219891, 1.39332328352, -3.45025045511, -2.33648405289, 0, 0, 0
8.10429217971e+35, 4.55774973101e+34, 6.12759249302, 0.392484739141, -10.9031894894, -7.38355916446, 0, 0, 0
8.1266335847e+36, 2.74157757034e+36, 7.18929426182, 1.39239551242, -3.44314859282, -2.33167472435, 0, 0, 0
8.16009419731e+36, 2.75457001914e+36, 7.18484745139, 1.39147310124, -3.43608199493, -2.32688927659, 0, 0, 0
8.19359469435e+36, 2.76758210273e+36, 7.18043150197, 1.39055599382, -3.42905038298, -2.32212752107, 0, 0, 0
8.22713501407e+36, 2.78061397558e+36, 7.17604615086, 1.3896441417, -3.42205348158, -2.31738927126, 0, 0, 0
8.26071509501e+36, 2.79366554579e+36, 7.17510622932, 1.38956864423, -3.41509101824, -2.31267434266, 0, 0, 0
8.27606045425e+35, 5.12925974993e+34, 6.35498562425, 0.441333078878, -10.7894492772, -7.30653513521, 0, 0, 0
8.29433487597e+36, 2.80673672764e+36, 7.17077437014, 1.38866457089, -3.40816272345, -2.30798255274, 0, 0, 0
8.32799429622e+36, 2.81982742875e+36, 7.16647237247, 1.38776562205, -3.40126833055, -2.30331372094, 0, 0, 0
8.36169329516e+36, 2.83293781028e+36, 7.16219998483, 1.38687174679, -3.39440757575, -2.2986676686, 0, 0, 0
8.39543181258e+36, 2.84606778609e+36, 7.15795695848, 1.38598290364, -3.38758019805, -2.29404421899, 0, 0, 0
8.42920978855e+36, 2.85921701647e+36, 7.15374304741, 1.38509904424, -3.38078593923, -2.28944319724, 0, 0, 0
8.4489538435e+35, 5.70531403285e+34, 6.55658970167, 0.488513744312, -10.6784848561, -7.23139085118, 0, 0, 0
8.46302716344e+36, 2.87238616925e+36, 7.14955800833, 1.38422012028, -3.37402454381, -2.28486443034, 0, 0, 0
8.49688387792e+36, 2.88557465739e+36, 7.14540160056, 1.38334608813, -3.36729575898, -2.2803077471, 0, 0, 0
8.53077987296e+36, 2.89878264636e+36, 7.14127358607, 1.3824769046, -3.36059933462, -2.27577297812, 0, 0, 0
8.56471508977e+36, 2.91201005332e+36, 7.14052766446, 1.38242092234, -3.35393502323, -2.27125995581, 0, 0, 0
8.59868946989e+36, 2.92525704796e+36, 7.13644910032, 1.38155884835, -3.34730257989, -2.2667685143, 0, 0, 0
8.62295940314e+35, 6.28586602393e+34, 6.73321320517, 0.533258865744, -10.5701934147, -7.15805668913, 0, 0, 0
8.63270295515e+36, 2.93852329288e+36, 7.13239826237, 1.38070149791, -3.34070176223, -2.26229848948, 0, 0, 0
8.66675548769e+36, 2.95180921966e+36, 7.12837492244, 1.37984884754, -3.33413233042, -2.25784971891, 0, 0, 0
8.70084700983e+36, 2.96511423012e+36, 7.12437885486, 1.379000833, -3.32759404711, -2.25342204188, 0, 0, 0
8.73497746427e+36, 2.97843876048e+36, 7.12040983635, 1.37815742155, -3.3210866774, -2.24901529932, 0, 0, 0
8.76914679397e+36, 2.99178273105e+36, 7.11646764602, 1.37731857451, -3.31460998883, -2.24462933378, 0, 0, 0
8.79806459045e+35, 6.87086985773e+34, 6.89609040804, 0.577255595883, -10.4644770987, -7.08646638295, 0, 0, 0
8.80335494206e+36, 3.00514580033e+36, 7.11255206535, 1.37648424722, -3.30816375132, -2.24026398949, 0, 0, 0
8.83760185213e+36, 3.01852841212e+36, 7.10866287809, 1.37565440139, -3.30174773715, -2.23591911222, 0, 0, 0
8.87188746788e+36, 3.03193022577e+36, 7.10479987034, 1.37482899481, -3.29536172094, -2.23159454934, 0, 0, 0
8.90621173336e+36, 3.04535116137e+36, 7.10096283044, 1.37400799471, -3.28900547959, -2.22729014978, 0, 0, 0
8.94057459284e+36, 3.05879167125e+36, 7.09715154895, 1.37319135891, -3.2826787923, -2.223005764, 0, 0, 0
8.97425724459e+35, 7.46028218726e+34, 7.03528381051, 0.617721552118, -10.3612427254, -7.01655682996, 0, 0, 0
8.97497599091e+36, 3.07225114872e+36, 7.09336581865, 1.37237904138, -3.27638144048, -2.218741244, 0, 0, 0
