2.000e+03, 1.400e+03, 1
1.999e+03, 1.398e+03, 1
1.998e+03, 1.397e+03, 1
1.997e+03, 1.395e+03, 1
1.996e+03, 1.394e+03, 1
1.995e+03, 1.392e+03, 1
1.994e+03, 1.391e+03, 1
1.993e+03, 1.390e+03, 1
1.992e+03, 1.388e+03, 1
1.991e+03, 1.387e+03, 1
1.990e+03, 1.385e+03, 1
1.989e+03, 1.384e+03, 1
1.988e+03, 1.382e+03, 1
1.987e+03, 1.381e+03, 1
1.986e+03, 1.380e+03, 1
1.985e+03, 1.378e+03, 1
1.984e+03, 1.377e+03, 1
1.983e+03, 1.375e+03, 1
1.982e+03, 1.374e+03, 1
1.981e+03, 1.373e+03, 1
1.980e+03, 1.371e+03, 1
1.979e+03, 1.370e+03, 1
1.978e+03, 1.368e+03, 1
1.977e+03, 1.367e+03, 1
1.976e+03, 1.365e+03, 1
1.975e+03, 1.364e+03, 1
1.974e+03, 1.363e+03, 1
1.973e+03, 1.361e+03, 1
1.972e+03, 1.360e+03, 1
1.971e+03, 1.359e+03, 1
1.970e+03, 1.357e+03, 1
1.969e+03, 1.356e+03, 1
1.968e+03, 1.354e+03, 1
1.967e+03, 1.353e+03, 1
1.966e+03, 1.352e+03, 1
1.965e+03, 1.350e+03, 1
1.964e+03, 1.349e+03, 1
1.963e+03, 1.347e+03, 1
1.962e+03, 1.346e+03, 1
1.961e+03, 1.345e+03, 1
1.960e+03, 1.343e+03, 1
1.959e+03, 1.342e+03, 1
1.958e+03, 1.341e+03, 1
1.957e+03, 1.339e+03, 1
1.956e+03, 1.338e+03, 1
1.955e+03, 1.336e+03, 1
1.954e+03, 1.335e+03, 1
1.953e+03, 1.334e+03, 1
1.952e+03, 1.332e+03, 1
1.951e+03, 1.331e+03, 1
1.950e+03, 1.330e+03, 1
1.949e+03, 1.328e+03, 1
1.948e+03, 1.327e+03, 1
1.947e+03, 1.326e+03, 1
1.946e+03, 1.324e+03, 1
1.945e+03, 1.323e+03, 1
1.944e+03, 1.322e+03, 1
1.943e+03, 1.320e+03, 1
1.942e+03, 1.319e+03, 1
1.941e+03, 1.318e+03, 1
1.940e+03, 1.316e+03, 1
1.939e+03, 1.315e+03, 1
1.938e+03, 1.314e+03, 1
1.937e+03, 1.312e+03, 1
1.936e+03, 1.311e+03, 1
1.935e+03, 1.310e+03, 1
1.934e+03, 1.308e+03, 1
1.933e+03, 1.307e+03, 1
1.932e+03, 1.306e+03, 1
1.931e+03, 1.304e+03, 1
1.930e+03, 1.303e+03, 1
1.929e+03, 1.302e+03, 1
1.928e+03, 1.300e+03, 1
1.927e+03, 1.299e+03, 1
1.926e+03, 1.298e+03, 1
1.925e+03, 1.296e+03, 1
1.924e+03, 1.295e+03, 1
1.923e+03, 1.294e+03, 1
1.922e+03, 1.292e+03, 1
1.921e+03, 1.291e+03, 1
1.920e+03, 1.290e+03, 1
1.919e+03, 1.288e+03, 1
1.918e+03, 1.287e+03, 1
1.917e+03, 1.286e+03, 1
1.916e+03, 1.285e+03, 1
1.915e+03, 1.283e+03, 1
1.914e+03, 1.282e+03, 1
1.913e+03, 1.281e+03, 1
1.912e+03, 1.279e+03, 1
1.911e+03, 1.278e+03, 1
1.910e+03, 1.277e+03, 1
1.909e+03, 1.275e+03, 1
1.908e+03, 1.274e+03, 1
1.907e+03, 1.273e+03, 1
1.906e+03, 1.272e+03, 1
1.905e+03, 1.270e+03, 1
1.904e+03, 1.269e+03, 1
1.903e+03, 1.268e+03, 1
1.902e+03, 1.266e+03, 1
1.901e+03, 1.265e+03, 1
1.900e+03, 1.264e+03, 1
1.899e+03, 1.263e+03, 1
1.898e+03, 1.261e+03, 1
1.897e+03, 1.260e+03, 1
1.896e+03, 1.259e+03, 1
1.895e+03, 1.258e+03, 1
1.894e+03, 1.256e+03, 1
1.893e+03, 1.255e+03, 1
1.892e+03, 1.254e+03, 1
1.891e+03, 1.252e+03, 1
1.890e+03, 1.251e+03, 1
1.889e+03, 1.250e+03, 1
1.888e+03, 1.249e+03, 1
1.887e+03, 1.247e+03, 1
1.886e+03, 1.246e+03, 1
1.885e+03, 1.245e+03, 1
1.884e+03, 1.244e+03, 1
1.883e+03, 1.242e+03, 1
1.882e+03, 1.241e+03, 1
1.881e+03, 1.240e+03, 1
1.880e+03, 1.239e+03, 1
1.879e+03, 1.237e+03, 1
1.878e+03, 1.236e+03, 1
1.877e+03, 1.235e+03, 1
1.876e+03, 1.234e+03, 1
1.875e+03, 1.232e+03, 1
1.874e+03, 1.231e+03, 1
1.873e+03, 1.230e+03, 1
1.872e+03, 1.229e+03, 1
1.871e+03, 1.228e+03, 1
1.870e+03, 1.226e+03, 1
1.869e+03, 1.225e+03, 1
1.868e+03, 1.224e+03, 1
1.867e+03, 1.223e+03, 1
1.866e+03, 1.221e+03, 1
1.865e+03, 1.220e+03, 1
1.864e+03, 1.219e+03, 1
1.863e+03, 1.218e+03, 1
1.862e+03, 1.216e+03, 1
1.861e+03, 1.215e+03, 1
1.860e+03, 1.214e+03, 1
1.859e+03, 1.213e+03, 1
1.858e+03, 1.212e+03, 1
1.857e+03, 1.210e+03, 1
1.856e+03, 1.209e+03, 1
1.855e+03, 1.208e+03, 1
1.854e+03, 1.207e+03, 1
1.853e+03, 1.206e+03, 1
1.852e+03, 1.204e+03, 1
1.851e+03, 1.203e+03, 1
1.850e+03, 1.202e+03, 1
1.849e+03, 1.201e+03, 1
1.848e+03, 1.200e+03, 1
1.847e+03, 1.198e+03, 1
1.846e+03, 1.197e+03, 1
1.845e+03, 1.196e+03, 1
1.844e+03, 1.195e+03, 1
1.843e+03, 1.194e+03, 1
1.842e+03, 1.192e+03, 1
1.841e+03, 1.191e+03, 1
1.840e+03, 1.190e+03, 1
1.839e+03, 1.189e+03, 1
1.838e+03, 1.188e+03, 1
1.837e+03, 1.186e+03, 1
1.836e+03, 1.185e+03, 1
1.835e+03, 1.184e+03, 1
1.834e+03, 1.183e+03, 1
1.833e+03, 1.182e+03, 1
1.832e+03, 1.181e+03, 1
1.831e+03, 1.179e+03, 1
1.830e+03, 1.178e+03, 1
1.829e+03, 1.177e+03, 1
1.828e+03, 1.176e+03, 1
1.827e+03, 1.175e+03, 1
1.826e+03, 1.174e+03, 1
1.825e+03, 1.172e+03, 1
1.824e+03, 1.171e+03, 1
1.823e+03, 1.170e+03, 1
1.822e+03, 1.169e+03, 1
1.821e+03, 1.168e+03, 1
1.820e+03, 1.167e+03, 1
1.819e+03, 1.165e+03, 1
1.818e+03, 1.164e+03, 1
1.817e+03, 1.163e+03, 1
1.816e+03, 1.162e+03, 1
1.815e+03, 1.161e+03, 1
1.814e+03, 1.160e+03, 1
1.813e+03, 1.158e+03, 1
1.812e+03, 1.157e+03, 1
1.811e+03, 1.156e+03, 1
1.810e+03, 1.155e+03, 1
1.809e+03, 1.154e+03, 1
1.808e+03, 1.153e+03, 1
1.807e+03, 1.152e+03, 1
1.806e+03, 1.150e+03, 1
1.805e+03, 1.149e+03, 1
1.804e+03, 1.148e+03, 1
1.803e+03, 1.147e+03, 1
1.802e+03, 1.146e+03, 1
1.801e+03, 1.145e+03, 1
1.800e+03, 1.144e+03, 1
1.799e+03, 1.142e+03, 1
1.798e+03, 1.141e+03, 1
1.797e+03, 1.140e+03, 1
1.796e+03, 1.139e+03, 1
1.795e+03, 1.138e+03, 1
1.794e+03, 1.137e+03, 1
1.793e+03, 1.136e+03, 1
1.792e+03, 1.135e+03, 1
1.791e+03, 1.133e+03, 1
1.790e+03, 1.132e+03, 1
1.789e+03, 1.131e+03, 1
1.788e+03, 1.130e+03, 1
1.787e+03, 1.129e+03, 1
1.786e+03, 1.128e+03, 1
1.785e+03, 1.127e+03, 1
1.784e+03, 1.126e+03, 1
1.783e+03, 1.124e+03, 1
1.782e+03, 1.123e+03, 1
1.781e+03, 1.122e+03, 1
1.780e+03, 1.121e+03, 1
1.779e+03, 1.120e+03, 1
1.778e+03, 1.119e+03, 1
1.777e+03, 1.118e+03, 1
1.776e+03, 1.117e+03, 1
1.775e+03, 1.116e+03, 1
1.774e+03, 1.114e+03, 1
1.773e+03, 1.113e+03, 1
1.772e+03, 1.112e+03, 1
1.771e+03, 1.111e+03, 1
1.770e+03, 1.110e+03, 1
1.769e+03, 1.109e+03, 1
1.768e+03, 1.108e+03, 1
1.767e+03, 1.107e+03, 1
1.766e+03, 1.106e+03, 1
1.765e+03, 1.105e+03, 1
1.764e+03, 1.104e+03, 1
1.763e+03, 1.102e+03, 1
1.762e+03, 1.101e+03, 1
1.761e+03, 1.100e+03, 1
1.760e+03, 1.099e+03, 1
1.759e+03, 1.098e+03, 1
1.758e+03, 1.097e+03, 1
1.757e+03, 1.096e+03, 1
1.756e+03, 1.095e+03, 1
1.755e+03, 1.094e+03, 1
1.754e+03, 1.093e+03, 1
1.753e+03, 1.092e+03, 1
1.752e+03, 1.091e+03, 1
1.751e+03, 1.089e+03, 1
1.750e+03, 1.088e+03, 1
1.749e+03, 1.087e+03, 1
1.748e+03, 1.086e+03, 1
1.747e+03, 1.085e+03, 1
1.746e+03, 1.084e+03, 1
1.745e+03, 1.083e+03, 1
1.744e+03, 1.082e+03, 1
1.743e+03, 1.081e+03, 1
1.742e+03, 1.080e+03, 1
1.741e+03, 1.079e+03, 1
1.740e+03, 1.078e+03, 1
1.739e+03, 1.077e+03, 1
1.738e+03, 1.076e+03, 1
1.737e+03, 1.075e+03, 1
1.736e+03, 1.073e+03, 1
1.735e+03, 1.072e+03, 1
1.734e+03, 1.071e+03, 1
1.733e+03, 1.070e+03, 1
1.732e+03, 1.069e+03, 1
1.731e+03, 1.068e+03, 1
1.730e+03, 1.067e+03, 1
1.729e+03, 1.066e+03, 1
1.728e+03, 1.065e+03, 1
1.727e+03, 1.064e+03, 1
1.726e+03, 1.063e+03, 1
1.725e+03, 1.062e+03, 1
1.724e+03, 1.061e+03, 1
1.723e+03, 1.060e+03, 1
1.722e+03, 1.059e+03, 1
1.721e+03, 1.058e+03, 1
1.720e+03, 1.057e+03, 1
1.719e+03, 1.056e+03, 1
1.718e+03, 1.055e+03, 1
1.717e+03, 1.054e+03, 1
1.716e+03, 1.053e+03, 1
1.715e+03, 1.052e+03, 1
1.714e+03, 1.051e+03, 1
1.713e+03, 1.049e+03, 1
1.712e+03, 1.048e+03, 1
1.711e+03, 1.047e+03, 1
1.710e+03, 1.046e+03, 1
1.709e+03, 1.045e+03, 1
1.708e+03, 1.044e+03, 1
1.707e+03, 1.043e+03, 1
1.706e+03, 1.042e+03, 1
1.705e+03, 1.041e+03, 1
1.704e+03, 1.040e+03, 1
1.703e+03, 1.039e+03, 1
1.702e+03, 1.038e+03, 1
1.701e+03, 1.037e+03, 1
1.700e+03, 1.036e+03, 1
1.699e+03, 1.035e+03, 1
1.698e+03, 1.034e+03, 1
1.697e+03, 1.033e+03, 1
1.696e+03, 1.032e+03, 1
1.695e+03, 1.031e+03, 1
1.694e+03, 1.030e+03, 1
1.693e+03, 1.029e+03, 1
1.692e+03, 1.028e+03, 1
1.691e+03, 1.027e+03, 1
1.690e+03, 1.026e+03, 1
1.689e+03, 1.025e+03, 1
1.688e+03, 1.024e+03, 1
1.687e+03, 1.023e+03, 1
1.686e+03, 1.022e+03, 1
1.685e+03, 1.021e+03, 1
1.684e+03, 1.020e+03, 1
1.683e+03, 1.019e+03, 1
1.682e+03, 1.018e+03, 1
1.681e+03, 1.017e+03, 1
1.680e+03, 1.016e+03, 1
1.679e+03, 1.015e+03, 1
1.678e+03, 1.014e+03, 1
1.677e+03, 1.013e+03, 1
1.676e+03, 1.012e+03, 1
1.675e+03, 1.011e+03, 1
1.674e+03, 1.010e+03, 1
1.673e+03, 1.009e+03, 1
1.672e+03, 1.008e+03, 1
1.671e+03, 1.007e+03, 1
1.670e+03, 1.006e+03, 1
1.669e+03, 1.005e+03, 1
1.668e+03, 1.004e+03, 1
1.667e+03, 1.003e+03, 1
1.666e+03, 1.002e+03, 1
1.665e+03, 1.001e+03, 1
1.664e+03, 1.000e+03, 1
1.663e+03, 9.993e+02, 1
1.662e+03, 9.983e+02, 1
1.661e+03, 9.974e+02, 1
1.660e+03, 9.964e+02, 1
1.659e+03, 9.954e+02, 1
1.658e+03, 9.944e+02, 1
1.657e+03, 9.935e+02, 1
1.656e+03, 9.925e+02, 1
1.655e+03, 9.915e+02, 1
1.654e+03, 9.906e+02, 1
1.653e+03, 9.896e+02, 1
1.652e+03, 9.886e+02, 1
1.651e+03, 9.877e+02, 1
1.650e+03, 9.867e+02, 1
1.649e+03, 9.857e+02, 1
1.648e+03, 9.848e+02, 1
1.647e+03, 9.838e+02, 1
1.646e+03, 9.828e+02, 1
1.645e+03, 9.819e+02, 1
1.644e+03, 9.809e+02, 1
1.643e+03, 9.800e+02, 1
1.642e+03, 9.790e+02, 1
1.641e+03, 9.780e+02, 1
1.640e+03, 9.771e+02, 1
1.639e+03, 9.761e+02, 1
1.638e+03, 9.752e+02, 1
1.637e+03, 9.742e+02, 1
1.636e+03, 9.733e+02, 1
1.635e+03, 9.723e+02, 1
1.634e+03, 9.714e+02, 1
1.633e+03, 9.704e+02, 1
1.632e+03, 9.695e+02, 1
1.631e+03, 9.685e+02, 1
1.630e+03, 9.676e+02, 1
1.629e+03, 9.666e+02, 1
1.628e+03, 9.657e+02, 1
1.627e+03, 9.648e+02, 1
1.626e+03, 9.638e+02, 1
1.625e+03, 9.629e+02, 1
1.624e+03, 9.619e+02, 1
1.623e+03, 9.610e+02, 1
1.622e+03, 9.601e+02, 1
1.621e+03, 9.591e+02, 1
1.620e+03, 9.582e+02, 1
1.619e+03, 9.573e+02, 1
1.618e+03, 9.563e+02, 1
1.617e+03, 9.554e+02, 1
1.616e+03, 9.545e+02, 1
1.615e+03, 9.535e+02, 1
1.614e+03, 9.526e+02, 1
1.613e+03, 9.517e+02, 1
1.612e+03, 9.507e+02, 1
1.611e+03, 9.498e+02, 1
1.610e+03, 9.489e+02, 1
1.609e+03, 9.479e+02, 1
1.608e+03, 9.470e+02, 1
1.607e+03, 9.461e+02, 1
1.606e+03, 9.452e+02, 1
1.605e+03, 9.443e+02, 1
1.604e+03, 9.433e+02, 1
1.603e+03, 9.424e+02, 1
1.602e+03, 9.415e+02, 1
1.601e+03, 9.406e+02, 1
1.600e+03, 9.397e+02, 1
1.599e+03, 9.387e+02, 1
1.598e+03, 9.378e+02, 1
1.597e+03, 9.369e+02, 1
1.596e+03, 9.360e+02, 1
1.595e+03, 9.351e+02, 1
1.594e+03, 9.342e+02, 1
1.593e+03, 9.332e+02, 1
1.592e+03, 9.323e+02, 1
1.591e+03, 9.314e+02, 1
1.590e+03, 9.305e+02, 1
1.589e+03, 9.296e+02, 1
1.588e+03, 9.287e+02, 1
1.587e+03, 9.278e+02, 1
1.586e+03, 9.269e+02, 1
1.585e+03, 9.260e+02, 1
1.584e+03, 9.251e+02, 1
1.583e+03, 9.242e+02, 1
1.582e+03, 9.233e+02, 1
1.581e+03, 9.224e+02, 1
1.580e+03, 9.215e+02, 1
1.579e+03, 9.206e+02, 1
1.578e+03, 9.197e+02, 1
1.577e+03, 9.188e+02, 1
1.576e+03, 9.179e+02, 1
1.575e+03, 9.170e+02, 1
1.574e+03, 9.161e+02, 1
1.573e+03, 9.152e+02, 1
1.572e+03, 9.143e+02, 1
1.571e+03, 9.134e+02, 1
1.570e+03, 9.125e+02, 1
1.569e+03, 9.116e+02, 1
1.568e+03, 9.107e+02, 1
1.567e+03, 9.098e+02, 1
1.566e+03, 9.089e+02, 1
1.565e+03, 9.081e+02, 1
1.564e+03, 9.072e+02, 1
1.563e+03, 9.063e+02, 1
1.562e+03, 9.054e+02, 1
1.561e+03, 9.045e+02, 1
1.560e+03, 9.036e+02, 1
1.559e+03, 9.027e+02, 1
1.558e+03, 9.019e+02, 1
1.557e+03, 9.010e+02, 1
1.556e+03, 9.001e+02, 1
1.555e+03, 8.992e+02, 1
1.554e+03, 8.983e+02, 1
1.553e+03, 8.975e+02, 1
1.552e+03, 8.966e+02, 1
1.551e+03, 8.957e+02, 1
1.550e+03, 8.948e+02, 1
1.549e+03, 8.940e+02, 1
1.548e+03, 8.931e+02, 1
1.547e+03, 8.922e+02, 1
1.546e+03, 8.913e+02, 1
1.545e+03, 8.905e+02, 1
1.544e+03, 8.896e+02, 1
1.543e+03, 8.887e+02, 1
1.542e+03, 8.879e+02, 1
1.541e+03, 8.870e+02, 1
1.540e+03, 8.861e+02, 1
1.539e+03, 8.853e+02, 1
1.538e+03, 8.844e+02, 1
1.537e+03, 8.835e+02, 1
1.536e+03, 8.827e+02, 1
1.535e+03, 8.818e+02, 1
1.534e+03, 8.809e+02, 1
1.533e+03, 8.801e+02, 1
1.532e+03, 8.792e+02, 1
1.531e+03, 8.783e+02, 1
1.530e+03, 8.775e+02, 1
1.529e+03, 8.766e+02, 1
1.528e+03, 8.758e+02, 1
1.527e+03, 8.749e+02, 1
1.526e+03, 8.740e+02, 1
1.525e+03, 8.732e+02, 1
1.524e+03, 8.723e+02, 1
1.523e+03, 8.715e+02, 1
1.522e+03, 8.706e+02, 1
1.521e+03, 8.698e+02, 1
1.520e+03, 8.689e+02, 1
1.519e+03, 8.681e+02, 1
1.518e+03, 8.672e+02, 1
1.517e+03, 8.664e+02, 1
1.516e+03, 8.655e+02, 1
1.515e+03, 8.647e+02, 1
1.514e+03, 8.638e+02, 1
1.513e+03, 8.630e+02, 1
1.512e+03, 8.621e+02, 1
1.511e+03, 8.613e+02, 1
1.510e+03, 8.604e+02, 1
1.509e+03, 8.596e+02, 1
1.508e+03, 8.587e+02, 1
1.507e+03, 8.579e+02, 1
1.506e+03, 8.571e+02, 1
1.505e+03, 8.562e+02, 1
1.504e+03, 8.554e+02, 1
1.503e+03, 8.545e+02, 1
1.502e+03, 8.537e+02, 1
1.501e+03, 8.529e+02, 1
1.500e+03, 8.520e+02, 1
1.499e+03, 8.512e+02, 1
1.498e+03, 8.503e+02, 1
1.497e+03, 8.495e+02, 1
1.496e+03, 8.487e+02, 1
1.495e+03, 8.478e+02, 1
1.494e+03, 8.470e+02, 1
1.493e+03, 8.462e+02, 1
1.492e+03, 8.453e+02, 1
1.491e+03, 8.445e+02, 1
1.490e+03, 8.437e+02, 1
1.489e+03, 8.428e+02, 1
1.488e+03, 8.420e+02, 1
1.487e+03, 8.412e+02, 1
1.486e+03, 8.404e+02, 1
1.485e+03, 8.395e+02, 1
1.484e+03, 8.387e+02, 1
1.483e+03, 8.379e+02, 1
1.482e+03, 8.371e+02, 1
1.481e+03, 8.362e+02, 1
1.480e+03, 8.354e+02, 1
1.479e+03, 8.346e+02, 1
1.478e+03, 8.338e+02, 1
1.477e+03, 8.329e+02, 1
1.476e+03, 8.321e+02, 1
1.475e+03, 8.313e+02, 1
1.474e+03, 8.305e+02, 1
1.473e+03, 8.297e+02, 1
1.472e+03, 8.288e+02, 1
1.471e+03, 8.280e+02, 1
1.470e+03, 8.272e+02, 1
1.469e+03, 8.264e+02, 1
1.468e+03, 8.256e+02, 1
1.467e+03, 8.248e+02, 1
1.466e+03, 8.239e+02, 1
1.465e+03, 8.231e+02, 1
1.464e+03, 8.223e+02, 1
1.463e+03, 8.215e+02, 1
1.462e+03, 8.207e+02, 1
1.461e+03, 8.199e+02, 1
1.460e+03, 8.191e+02, 1
1.459e+03, 8.183e+02, 1
1.458e+03, 8.174e+02, 1
1.457e+03, 8.166e+02, 1
1.456e+03, 8.158e+02, 1
1.455e+03, 8.150e+02, 1
1.454e+03, 8.142e+02, 1
1.453e+03, 8.134e+02, 1
1.452e+03, 8.126e+02, 1
1.451e+03, 8.118e+02, 1
1.450e+03, 8.110e+02, 1
1.449e+03, 8.102e+02, 1
1.448e+03, 8.094e+02, 1
1.447e+03, 8.086e+02, 1
1.446e+03, 8.078e+02, 1
1.445e+03, 8.070e+02, 1
1.444e+03, 8.062e+02, 1
1.443e+03, 8.054e+02, 1
1.442e+03, 8.046e+02, 1
1.441e+03, 8.038e+02, 1
1.440e+03, 8.030e+02, 1
1.439e+03, 8.022e+02, 1
1.438e+03, 8.014e+02, 1
1.437e+03, 8.006e+02, 1
1.436e+03, 7.998e+02, 1
1.435e+03, 7.990e+02, 1
1.434e+03, 7.982e+02, 1
1.433e+03, 7.974e+02, 1
1.432e+03, 7.966e+02, 1
1.431e+03, 7.958e+02, 1
1.430e+03, 7.950e+02, 1
1.429e+03, 7.943e+02, 1
1.428e+03, 7.935e+02, 1
1.427e+03, 7.927e+02, 1
1.426e+03, 7.919e+02, 1
1.425e+03, 7.911e+02, 1
1.424e+03, 7.903e+02, 1
1.423e+03, 7.895e+02, 1
1.422e+03, 7.887e+02, 1
1.421e+03, 7.879e+02, 1
1.420e+03, 7.872e+02, 1
1.419e+03, 7.864e+02, 1
1.418e+03, 7.856e+02, 1
1.417e+03, 7.848e+02, 1
1.416e+03, 7.840e+02, 1
1.415e+03, 7.832e+02, 1
1.414e+03, 7.825e+02, 1
1.413e+03, 7.817e+02, 1
1.412e+03, 7.809e+02, 1
1.411e+03, 7.801e+02, 1
1.410e+03, 7.793e+02, 1
1.409e+03, 7.786e+02, 1
1.408e+03, 7.778e+02, 1
1.407e+03, 7.770e+02, 1
1.406e+03, 7.762e+02, 1
1.405e+03, 7.754e+02, 1
1.404e+03, 7.747e+02, 1
1.403e+03, 7.739e+02, 1
1.402e+03, 7.731e+02, 1
1.401e+03, 7.723e+02, 1
1.400e+03, 7.716e+02, 1
1.399e+03, 7.708e+02, 1
1.398e+03, 7.700e+02, 1
1.397e+03, 7.692e+02, 1
1.396e+03, 7.685e+02, 1
1.395e+03, 7.677e+02, 1
1.394e+03, 7.669e+02, 1
1.393e+03, 7.662e+02, 1
1.392e+03, 7.654e+02, 1
1.391e+03, 7.646e+02, 1
1.390e+03, 7.639e+02, 1
1.389e+03, 7.631e+02, 1
1.388e+03, 7.623e+02, 1
1.387e+03, 7.616e+02, 1
1.386e+03, 7.608e+02, 1
1.385e+03, 7.600e+02, 1
1.384e+03, 7.593e+02, 1
1.383e+03, 7.585e+02, 1
1.382e+03, 7.577e+02, 1
1.381e+03, 7.570e+02, 1
1.380e+03, 7.562e+02, 1
1.379e+03, 7.554e+02, 1
1.378e+03, 7.547e+02, 1
1.377e+03, 7.539e+02, 1
1.376e+03, 7.532e+02, 1
1.375e+03, 7.524e+02, 1
1.374e+03, 7.516e+02, 1
1.373e+03, 7.509e+02, 1
1.372e+03, 7.501e+02, 1
1.371e+03, 7.494e+02, 1
1.370e+03, 7.486e+02, 1
1.369e+03, 7.478e+02, 1
1.368e+03, 7.471e+02, 1
1.367e+03, 7.463e+02, 1
1.366e+03, 7.456e+02, 1
1.365e+03, 7.448e+02, 1
1.364e+03, 7.441e+02, 1
1.363e+03, 7.433e+02, 1
1.362e+03, 7.426e+02, 1
1.361e+03, 7.418e+02, 1
1.360e+03, 7.411e+02, 1
1.359e+03, 7.403e+02, 1
1.358e+03, 7.395e+02, 1
1.357e+03, 7.388e+02, 1
1.356e+03, 7.380e+02, 1
1.355e+03, 7.373e+02, 1
1.354e+03, 7.365e+02, 1
1.353e+03, 7.358e+02, 1
1.352e+03, 7.350e+02, 1
1.351e+03, 7.343e+02, 1
1.350e+03, 7.336e+02, 1
1.349e+03, 7.328e+02, 1
1.348e+03, 7.321e+02, 1
1.347e+03, 7.313e+02, 1
1.346e+03, 7.306e+02, 1
1.345e+03, 7.298e+02, 1
1.344e+03, 7.291e+02, 1
1.343e+03, 7.283e+02, 1
1.342e+03, 7.276e+02, 1
1.341e+03, 7.268e+02, 1
1.340e+03, 7.261e+02, 1
1.339e+03, 7.254e+02, 1
1.338e+03, 7.246e+02, 1
1.337e+03, 7.239e+02, 1
1.336e+03, 7.231e+02, 1
1.335e+03, 7.224e+02, 1
1.334e+03, 7.217e+02, 1
1.333e+03, 7.209e+02, 1
1.332e+03, 7.202e+02, 1
1.331e+03, 7.194e+02, 1
1.330e+03, 7.187e+02, 1
1.329e+03, 7.180e+02, 1
1.328e+03, 7.172e+02, 1
1.327e+03, 7.165e+02, 1
1.326e+03, 7.158e+02, 1
1.325e+03, 7.150e+02, 1
1.324e+03, 7.143e+02, 1
1.323e+03, 7.136e+02, 1
1.322e+03, 7.128e+02, 1
1.321e+03, 7.121e+02, 1
1.320e+03, 7.114e+02, 1
1.319e+03, 7.106e+02, 1
1.318e+03, 7.099e+02, 1
1.317e+03, 7.092e+02, 1
1.316e+03, 7.084e+02, 1
1.315e+03, 7.077e+02, 1
1.314e+03, 7.070e+02, 1
1.313e+03, 7.062e+02, 1
1.312e+03, 7.055e+02, 1
1.311e+03, 7.048e+02, 1
1.310e+03, 7.040e+02, 1
1.309e+03, 7.033e+02, 1
1.308e+03, 7.026e+02, 1
1.307e+03, 7.019e+02, 1
1.306e+03, 7.011e+02, 1
1.305e+03, 7.004e+02, 1
1.304e+03, 6.997e+02, 1
1.303e+03, 6.990e+02, 1
1.302e+03, 6.982e+02, 1
1.301e+03, 6.975e+02, 1
1.300e+03, 6.968e+02, 1
1.299e+03, 6.961e+02, 1
1.298e+03, 6.953e+02, 1
1.297e+03, 6.946e+02, 1
1.296e+03, 6.939e+02, 1
1.295e+03, 6.932e+02, 1
1.294e+03, 6.925e+02, 1
1.293e+03, 6.917e+02, 1
1.292e+03, 6.910e+02, 1
1.291e+03, 6.903e+02, 1
1.290e+03, 6.896e+02, 1
1.289e+03, 6.889e+02, 1
1.288e+03, 6.881e+02, 1
1.287e+03, 6.874e+02, 1
1.286e+03, 6.867e+02, 1
1.285e+03, 6.860e+02, 1
1.284e+03, 6.853e+02, 1
1.283e+03, 6.845e+02, 1
1.282e+03, 6.838e+02, 1
1.281e+03, 6.831e+02, 1
1.280e+03, 6.824e+02, 1
1.279e+03, 6.817e+02, 1
1.278e+03, 6.810e+02, 1
1.277e+03, 6.803e+02, 1
1.276e+03, 6.795e+02, 1
1.275e+03, 6.788e+02, 1
1.274e+03, 6.781e+02, 1
1.273e+03, 6.774e+02, 1
1.272e+03, 6.767e+02, 1
1.271e+03, 6.760e+02, 1
1.270e+03, 6.753e+02, 1
1.269e+03, 6.746e+02, 1
1.268e+03, 6.738e+02, 1
1.267e+03, 6.731e+02, 1
1.266e+03, 6.724e+02, 1
1.265e+03, 6.717e+02, 1
1.264e+03, 6.710e+02, 1
1.263e+03, 6.703e+02, 1
1.262e+03, 6.696e+02, 1
1.261e+03, 6.689e+02, 1
1.260e+03, 6.682e+02, 1
1.259e+03, 6.675e+02, 1
1.258e+03, 6.668e+02, 1
1.257e+03, 6.660e+02, 1
1.256e+03, 6.653e+02, 1
1.255e+03, 6.646e+02, 1
1.254e+03, 6.639e+02, 1
1.253e+03, 6.632e+02, 1
1.252e+03, 6.625e+02, 1
1.251e+03, 6.618e+02, 1
1.250e+03, 6.611e+02, 1
1.249e+03, 6.604e+02, 1
1.248e+03, 6.597e+02, 1
1.247e+03, 6.590e+02, 1
1.246e+03, 6.583e+02, 1
1.245e+03, 6.576e+02, 1
1.244e+03, 6.569e+02, 1
1.243e+03, 6.562e+02, 1
1.242e+03, 6.555e+02, 1
1.241e+03, 6.548e+02, 1
1.240e+03, 6.541e+02, 1
1.239e+03, 6.534e+02, 1
1.238e+03, 6.527e+02, 1
1.237e+03, 6.520e+02, 1
1.236e+03, 6.513e+02, 1
1.235e+03, 6.506e+02, 1
1.234e+03, 6.499e+02, 1
1.233e+03, 6.492e+02, 1
1.232e+03, 6.485e+02, 1
1.231e+03, 6.478e+02, 1
1.230e+03, 6.471e+02, 1
1.229e+03, 6.464e+02, 1
1.228e+03, 6.457e+02, 1
1.227e+03, 6.450e+02, 1
1.226e+03, 6.443e+02, 1
1.225e+03, 6.436e+02, 1
1.224e+03, 6.429e+02, 1
1.223e+03, 6.423e+02, 1
1.222e+03, 6.416e+02, 1
1.221e+03, 6.409e+02, 1
1.220e+03, 6.402e+02, 1
1.219e+03, 6.395e+02, 1
1.218e+03, 6.388e+02, 1
1.217e+03, 6.381e+02, 1
1.216e+03, 6.374e+02, 1
1.215e+03, 6.367e+02, 1
1.214e+03, 6.360e+02, 1
1.213e+03, 6.353e+02, 1
1.212e+03, 6.346e+02, 1
1.211e+03, 6.340e+02, 1
1.210e+03, 6.333e+02, 1
1.209e+03, 6.326e+02, 1
1.208e+03, 6.319e+02, 1
1.207e+03, 6.312e+02, 1
1.206e+03, 6.305e+02, 1
1.205e+03, 6.298e+02, 1
1.204e+03, 6.291e+02, 1
1.203e+03, 6.285e+02, 1
1.202e+03, 6.278e+02, 1
1.201e+03, 6.271e+02, 1
1.200e+03, 6.264e+02, 1
1.199e+03, 6.257e+02, 1
1.198e+03, 6.250e+02, 1
1.197e+03, 6.243e+02, 1
1.196e+03, 6.237e+02, 1
1.195e+03, 6.230e+02, 1
1.194e+03, 6.223e+02, 1
1.193e+03, 6.216e+02, 1
1.192e+03, 6.209e+02, 1
1.191e+03, 6.202e+02, 1
1.190e+03, 6.196e+02, 1
1.189e+03, 6.189e+02, 1
1.188e+03, 6.182e+02, 1
1.187e+03, 6.175e+02, 1
1.186e+03, 6.168e+02, 1
1.185e+03, 6.161e+02, 1
1.184e+03, 6.155e+02, 1
1.183e+03, 6.148e+02, 1
1.182e+03, 6.141e+02, 1
1.181e+03, 6.134e+02, 1
1.180e+03, 6.127e+02, 1
1.179e+03, 6.121e+02, 1
1.178e+03, 6.114e+02, 1
1.177e+03, 6.107e+02, 1
1.176e+03, 6.100e+02, 1
1.175e+03, 6.093e+02, 1
1.174e+03, 6.087e+02, 1
1.173e+03, 6.080e+02, 1
1.172e+03, 6.073e+02, 1
1.171e+03, 6.066e+02, 1
1.170e+03, 6.060e+02, 1
1.169e+03, 6.053e+02, 1
1.168e+03, 6.046e+02, 1
1.167e+03, 6.039e+02, 1
1.166e+03, 6.033e+02, 1
1.165e+03, 6.026e+02, 1
1.164e+03, 6.019e+02, 1
1.163e+03, 6.012e+02, 1
1.162e+03, 6.006e+02, 1
1.161e+03, 5.999e+02, 1
1.160e+03, 5.992e+02, 1
1.159e+03, 5.985e+02, 1
1.158e+03, 5.979e+02, 1
1.157e+03, 5.972e+02, 1
1.156e+03, 5.965e+02, 1
1.155e+03, 5.958e+02, 1
1.154e+03, 5.952e+02, 1
1.153e+03, 5.945e+02, 1
1.152e+03, 5.938e+02, 1
1.151e+03, 5.932e+02, 1
1.150e+03, 5.925e+02, 1
1.149e+03, 5.918e+02, 1
1.148e+03, 5.912e+02, 1
1.147e+03, 5.905e+02, 1
1.146e+03, 5.898e+02, 1
1.145e+03, 5.891e+02, 1
1.144e+03, 5.885e+02, 1
1.143e+03, 5.878e+02, 1
1.142e+03, 5.871e+02, 1
1.141e+03, 5.865e+02, 1
1.140e+03, 5.858e+02, 1
1.139e+03, 5.851e+02, 1
1.138e+03, 5.845e+02, 1
1.137e+03, 5.838e+02, 1
1.136e+03, 5.831e+02, 1
1.135e+03, 5.825e+02, 1
1.134e+03, 5.818e+02, 1
1.133e+03, 5.811e+02, 1
1.132e+03, 5.805e+02, 1
1.131e+03, 5.798e+02, 1
1.130e+03, 5.791e+02, 1
1.129e+03, 5.785e+02, 1
1.128e+03, 5.778e+02, 1
1.127e+03, 5.771e+02, 1
1.126e+03, 5.765e+02, 1
1.125e+03, 5.758e+02, 1
1.124e+03, 5.751e+02, 1
1.123e+03, 5.745e+02, 1
1.122e+03, 5.738e+02, 1
1.121e+03, 5.732e+02, 1
1.120e+03, 5.725e+02, 1
1.119e+03, 5.718e+02, 1
1.118e+03, 5.712e+02, 1
1.117e+03, 5.705e+02, 1
1.116e+03, 5.698e+02, 1
1.115e+03, 5.692e+02, 1
1.114e+03, 5.685e+02, 1
1.113e+03, 5.679e+02, 1
1.112e+03, 5.672e+02, 1
1.111e+03, 5.665e+02, 1
1.110e+03, 5.659e+02, 1
1.109e+03, 5.652e+02, 1
1.108e+03, 5.646e+02, 1
1.107e+03, 5.639e+02, 1
1.106e+03, 5.632e+02, 1
1.105e+03, 5.626e+02, 1
1.104e+03, 5.619e+02, 1
1.103e+03, 5.613e+02, 1
1.102e+03, 5.606e+02, 1
1.101e+03, 5.600e+02, 1
1.100e+03, 5.593e+02, 1
1.099e+03, 5.586e+02, 1
1.098e+03, 5.580e+02, 1
1.097e+03, 5.573e+02, 1
1.096e+03, 5.567e+02, 1
1.095e+03, 5.560e+02, 1
1.094e+03, 5.554e+02, 1
1.093e+03, 5.547e+02, 1
1.092e+03, 5.540e+02, 1
1.091e+03, 5.534e+02, 1
1.090e+03, 5.527e+02, 1
1.089e+03, 5.521e+02, 1
1.088e+03, 5.514e+02, 1
1.087e+03, 5.508e+02, 1
1.086e+03, 5.501e+02, 1
1.085e+03, 5.495e+02, 1
1.084e+03, 5.488e+02, 1
1.083e+03, 5.482e+02, 1
1.082e+03, 5.475e+02, 1
1.081e+03, 5.468e+02, 1
1.080e+03, 5.462e+02, 1
1.079e+03, 5.455e+02, 1
1.078e+03, 5.449e+02, 1
1.077e+03, 5.442e+02, 1
1.076e+03, 5.436e+02, 1
1.075e+03, 5.429e+02, 1
1.074e+03, 5.423e+02, 1
1.073e+03, 5.416e+02, 1
1.072e+03, 5.410e+02, 1
1.071e+03, 5.403e+02, 1
1.070e+03, 5.397e+02, 1
1.069e+03, 5.390e+02, 1
1.068e+03, 5.384e+02, 1
1.067e+03, 5.377e+02, 1
1.066e+03, 5.371e+02, 1
1.065e+03, 5.364e+02, 1
1.064e+03, 5.358e+02, 1
1.063e+03, 5.351e+02, 1
1.062e+03, 5.345e+02, 1
1.061e+03, 5.338e+02, 1
1.060e+03, 5.332e+02, 1
1.059e+03, 5.325e+02, 1
1.058e+03, 5.319e+02, 1
1.057e+03, 5.312e+02, 1
1.056e+03, 5.306e+02, 1
1.055e+03, 5.299e+02, 1
1.054e+03, 5.293e+02, 1
1.053e+03, 5.287e+02, 1
1.052e+03, 5.280e+02, 1
1.051e+03, 5.274e+02, 1
1.050e+03, 5.267e+02, 1
1.049e+03, 5.261e+02, 1
1.048e+03, 5.254e+02, 1
1.047e+03, 5.248e+02, 1
1.046e+03, 5.241e+02, 1
1.045e+03, 5.235e+02, 1
1.044e+03, 5.228e+02, 1
1.043e+03, 5.222e+02, 1
1.042e+03, 5.215e+02, 1
1.041e+03, 5.209e+02, 1
1.040e+03, 5.203e+02, 1
1.039e+03, 5.196e+02, 1
1.038e+03, 5.190e+02, 1
1.037e+03, 5.183e+02, 1
1.036e+03, 5.177e+02, 1
1.035e+03, 5.170e+02, 1
1.034e+03, 5.164e+02, 1
1.033e+03, 5.158e+02, 1
1.032e+03, 5.151e+02, 1
1.031e+03, 5.145e+02, 1
1.030e+03, 5.138e+02, 1
1.029e+03, 5.132e+02, 1
1.028e+03, 5.125e+02, 1
1.027e+03, 5.119e+02, 1
1.026e+03, 5.113e+02, 1
1.025e+03, 5.106e+02, 1
1.024e+03, 5.100e+02, 1
1.023e+03, 5.093e+02, 1
1.022e+03, 5.087e+02, 1
1.021e+03, 5.081e+02, 1
1.020e+03, 5.074e+02, 1
1.019e+03, 5.068e+02, 1
1.018e+03, 5.061e+02, 1
1.017e+03, 5.055e+02, 1
1.016e+03, 5.049e+02, 1
1.015e+03, 5.042e+02, 1
1.014e+03, 5.036e+02, 1
1.013e+03, 5.029e+02, 1
1.012e+03, 5.023e+02, 1
1.011e+03, 5.017e+02, 1
1.010e+03, 5.010e+02, 1
1.009e+03, 5.004e+02, 1
1.008e+03, 4.997e+02, 1
1.007e+03, 4.991e+02, 1
1.006e+03, 4.985e+02, 1
1.005e+03, 4.978e+02, 1
1.004e+03, 4.972e+02, 1
1.003e+03, 4.966e+02, 1
1.002e+03, 4.959e+02, 1
1.001e+03, 4.953e+02, 1
1.000e+03, 4.946e+02, 1
9.990e+02, 4.940e+02, 1
9.980e+02, 4.934e+02, 1
9.970e+02, 4.927e+02, 1
9.960e+02, 4.921e+02, 1
9.950e+02, 4.915e+02, 1
9.940e+02, 4.908e+02, 1
9.930e+02, 4.902e+02, 1
9.920e+02, 4.896e+02, 1
9.910e+02, 4.889e+02, 1
9.900e+02, 4.883e+02, 1
9.890e+02, 4.876e+02, 1
9.880e+02, 4.870e+02, 1
9.870e+02, 4.864e+02, 1
9.860e+02, 4.857e+02, 1
9.850e+02, 4.851e+02, 1
9.840e+02, 4.845e+02, 1
9.830e+02, 4.838e+02, 1
9.820e+02, 4.832e+02, 1
9.810e+02, 4.826e+02, 1
9.800e+02, 4.819e+02, 1
9.790e+02, 4.813e+02, 1
9.780e+02, 4.807e+02, 1
9.770e+02, 4.800e+02, 1
9.760e+02, 4.794e+02, 1
9.750e+02, 4.788e+02, 1
9.740e+02, 4.781e+02, 1
9.730e+02, 4.775e+02, 1
9.720e+02, 4.769e+02, 1
9.710e+02, 4.762e+02, 1
9.700e+02, 4.756e+02, 1
9.690e+02, 4.750e+02, 1
9.680e+02, 4.744e+02, 1
9.670e+02, 4.737e+02, 1
9.660e+02, 4.731e+02, 1
9.650e+02, 4.725e+02, 1
9.640e+02, 4.718e+02, 1
9.630e+02, 4.712e+02, 1
9.620e+02, 4.706e+02, 1
9.610e+02, 4.699e+02, 1
9.600e+02, 4.693e+02, 1
9.590e+02, 4.687e+02, 1
9.580e+02, 4.680e+02, 1
9.570e+02, 4.674e+02, 1
9.560e+02, 4.668e+02, 1
9.550e+02, 4.662e+02, 1
9.540e+02, 4.655e+02, 1
9.530e+02, 4.649e+02, 1
9.520e+02, 4.643e+02, 1
9.510e+02, 4.636e+02, 1
9.500e+02, 4.630e+02, 1
9.490e+02, 4.624e+02, 1
9.480e+02, 4.618e+02, 1
9.470e+02, 4.611e+02, 1
9.460e+02, 4.605e+02, 1
9.450e+02, 4.599e+02, 1
9.440e+02, 4.592e+02, 1
9.430e+02, 4.586e+02, 1
9.420e+02, 4.580e+02, 1
9.410e+02, 4.574e+02, 1
9.400e+02, 4.567e+02, 1
9.390e+02, 4.561e+02, 1
9.380e+02, 4.555e+02, 1
9.370e+02, 4.549e+02, 1
9.360e+02, 4.542e+02, 1
9.350e+02, 4.536e+02, 1
9.340e+02, 4.530e+02, 1
9.330e+02, 4.523e+02, 1
9.320e+02, 4.517e+02, 1
9.310e+02, 4.511e+02, 1
9.300e+02, 4.505e+02, 1
9.290e+02, 4.498e+02, 1
9.280e+02, 4.492e+02, 1
9.270e+02, 4.486e+02, 1
9.260e+02, 4.480e+02, 1
9.250e+02, 4.473e+02, 1
9.240e+02, 4.467e+02, 1
9.230e+02, 4.461e+02, 1
9.220e+02, 4.455e+02, 1
9.210e+02, 4.448e+02, 1
9.200e+02, 4.442e+02, 1
9.190e+02, 4.436e+02, 1
9.180e+02, 4.430e+02, 1
9.170e+02, 4.423e+02, 1
9.160e+02, 4.417e+02, 1
9.150e+02, 4.411e+02, 1
9.140e+02, 4.405e+02, 1
9.130e+02, 4.399e+02, 1
9.120e+02, 4.392e+02, 1
9.110e+02, 4.386e+02, 1
9.100e+02, 4.380e+02, 1
9.090e+02, 4.374e+02, 1
9.080e+02, 4.367e+02, 1
9.070e+02, 4.361e+02, 1
9.060e+02, 4.355e+02, 1
9.050e+02, 4.349e+02, 1
9.040e+02, 4.343e+02, 1
9.030e+02, 4.336e+02, 1
9.020e+02, 4.330e+02, 1
9.010e+02, 4.324e+02, 1
9.000e+02, 4.318e+02, 1
8.990e+02, 4.311e+02, 1
8.980e+02, 4.305e+02, 1
8.970e+02, 4.299e+02, 1
8.960e+02, 4.293e+02, 1
8.950e+02, 4.287e+02, 1
8.940e+02, 4.280e+02, 1
8.930e+02, 4.274e+02, 1
8.920e+02, 4.268e+02, 1
8.910e+02, 4.262e+02, 1
8.900e+02, 4.256e+02, 1
8.890e+02, 4.249e+02, 1
8.880e+02, 4.243e+02, 1
8.870e+02, 4.237e+02, 1
8.860e+02, 4.231e+02, 1
8.850e+02, 4.225e+02, 1
8.840e+02, 4.218e+02, 1
8.830e+02, 4.212e+02, 1
8.820e+02, 4.206e+02, 1
8.810e+02, 4.200e+02, 1
8.800e+02, 4.194e+02, 1
8.790e+02, 4.187e+02, 1
8.780e+02, 4.181e+02, 1
8.770e+02, 4.175e+02, 1
8.760e+02, 4.169e+02, 1
8.750e+02, 4.163e+02, 1
8.740e+02, 4.156e+02, 1
8.730e+02, 4.150e+02, 1
8.720e+02, 4.144e+02, 1
8.710e+02, 4.138e+02, 1
8.700e+02, 4.132e+02, 1
8.690e+02, 4.126e+02, 1
8.680e+02, 4.119e+02, 1
8.670e+02, 4.113e+02, 1
8.660e+02, 4.107e+02, 1
8.650e+02, 4.101e+02, 1
8.640e+02, 4.095e+02, 1
8.630e+02, 4.089e+02, 1
8.620e+02, 4.082e+02, 1
8.610e+02, 4.076e+02, 1
8.600e+02, 4.070e+02, 1
8.590e+02, 4.064e+02, 1
8.580e+02, 4.058e+02, 1
8.570e+02, 4.052e+02, 1
8.560e+02, 4.045e+02, 1
8.550e+02, 4.039e+02, 1
8.540e+02, 4.033e+02, 1
8.530e+02, 4.027e+02, 1
8.520e+02, 4.021e+02, 1
8.510e+02, 4.015e+02, 1
8.500e+02, 4.008e+02, 1
8.490e+02, 4.002e+02, 1
8.480e+02, 3.996e+02, 1
8.470e+02, 3.990e+02, 1
8.460e+02, 3.984e+02, 1
8.450e+02, 3.978e+02, 1
8.440e+02, 3.972e+02, 1
8.430e+02, 3.965e+02, 1
8.420e+02, 3.959e+02, 1
8.410e+02, 3.953e+02, 1
8.400e+02, 3.947e+02, 1
8.390e+02, 3.941e+02, 1
8.380e+02, 3.935e+02, 1
8.370e+02, 3.929e+02, 1
8.360e+02, 3.922e+02, 1
8.350e+02, 3.916e+02, 1
8.340e+02, 3.910e+02, 1
8.330e+02, 3.904e+02, 1
8.320e+02, 3.898e+02, 1
8.310e+02, 3.892e+02, 1
8.300e+02, 3.886e+02, 1
8.290e+02, 3.880e+02, 1
8.280e+02, 3.873e+02, 1
8.270e+02, 3.867e+02, 1
8.260e+02, 3.861e+02, 1
8.250e+02, 3.855e+02, 1
8.240e+02, 3.849e+02, 1
8.230e+02, 3.843e+02, 1
8.220e+02, 3.837e+02, 1
8.210e+02, 3.831e+02, 1
8.200e+02, 3.824e+02, 1
8.190e+02, 3.818e+02, 1
8.180e+02, 3.812e+02, 1
8.170e+02, 3.806e+02, 1
8.160e+02, 3.800e+02, 1
8.150e+02, 3.794e+02, 1
8.140e+02, 3.788e+02, 1
8.130e+02, 3.782e+02, 1
8.120e+02, 3.776e+02, 1
8.110e+02, 3.769e+02, 1
8.100e+02, 3.763e+02, 1
8.090e+02, 3.757e+02, 1
8.080e+02, 3.751e+02, 1
8.070e+02, 3.745e+02, 1
8.060e+02, 3.739e+02, 1
8.050e+02, 3.733e+02, 1
8.040e+02, 3.727e+02, 1
8.030e+02, 3.721e+02, 1
8.020e+02, 3.715e+02, 1
8.010e+02, 3.708e+02, 1
8.000e+02, 3.702e+02, 1
7.990e+02, 3.696e+02, 1
7.980e+02, 3.690e+02, 1
7.970e+02, 3.684e+02, 1
7.960e+02, 3.678e+02, 1
7.950e+02, 3.672e+02, 1
7.940e+02, 3.666e+02, 1
7.930e+02, 3.660e+02, 1
7.920e+02, 3.654e+02, 1
7.910e+02, 3.647e+02, 1
7.900e+02, 3.641e+02, 1
7.890e+02, 3.635e+02, 1
7.880e+02, 3.629e+02, 1
7.870e+02, 3.623e+02, 1
7.860e+02, 3.617e+02, 1
7.850e+02, 3.611e+02, 1
7.840e+02, 3.605e+02, 1
7.830e+02, 3.599e+02, 1
7.820e+02, 3.593e+02, 1
7.810e+02, 3.587e+02, 1
7.800e+02, 3.581e+02, 1
7.790e+02, 3.575e+02, 1
7.780e+02, 3.568e+02, 1
7.770e+02, 3.562e+02, 1
7.760e+02, 3.556e+02, 1
7.750e+02, 3.550e+02, 1
7.740e+02, 3.544e+02, 1
7.730e+02, 3.538e+02, 1
7.720e+02, 3.532e+02, 1
7.710e+02, 3.526e+02, 1
7.700e+02, 3.520e+02, 1
7.690e+02, 3.514e+02, 1
7.680e+02, 3.508e+02, 1
7.670e+02, 3.502e+02, 1
7.660e+02, 3.496e+02, 1
7.650e+02, 3.490e+02, 1
7.640e+02, 3.484e+02, 1
7.630e+02, 3.478e+02, 1
7.620e+02, 3.471e+02, 1
7.610e+02, 3.465e+02, 1
7.600e+02, 3.459e+02, 1
7.590e+02, 3.453e+02, 1
7.580e+02, 3.447e+02, 1
7.570e+02, 3.441e+02, 1
7.560e+02, 3.435e+02, 1
7.550e+02, 3.429e+02, 1
7.540e+02, 3.423e+02, 1
7.530e+02, 3.417e+02, 1
7.520e+02, 3.411e+02, 1
7.510e+02, 3.405e+02, 1
7.500e+02, 3.399e+02, 1
7.490e+02, 3.393e+02, 1
7.480e+02, 3.387e+02, 1
7.470e+02, 3.381e+02, 1
7.460e+02, 3.375e+02, 1
7.450e+02, 3.369e+02, 1
7.440e+02, 3.363e+02, 1
7.430e+02, 3.357e+02, 1
7.420e+02, 3.351e+02, 1
7.410e+02, 3.345e+02, 1
7.400e+02, 3.339e+02, 1
7.390e+02, 3.333e+02, 1
7.380e+02, 3.326e+02, 1
7.370e+02, 3.320e+02, 1
7.360e+02, 3.314e+02, 1
7.350e+02, 3.308e+02, 1
7.340e+02, 3.302e+02, 1
7.330e+02, 3.296e+02, 1
7.320e+02, 3.290e+02, 1
7.310e+02, 3.284e+02, 1
7.300e+02, 3.278e+02, 1
7.290e+02, 3.272e+02, 1
7.280e+02, 3.266e+02, 1
7.270e+02, 3.260e+02, 1
7.260e+02, 3.254e+02, 1
7.250e+02, 3.248e+02, 1
7.240e+02, 3.242e+02, 1
7.230e+02, 3.236e+02, 1
7.220e+02, 3.230e+02, 1
7.210e+02, 3.224e+02, 1
7.200e+02, 3.218e+02, 1
7.190e+02, 3.212e+02, 1
7.180e+02, 3.206e+02, 1
7.170e+02, 3.200e+02, 1
7.160e+02, 3.194e+02, 1
7.150e+02, 3.188e+02, 1
7.140e+02, 3.182e+02, 1
7.130e+02, 3.176e+02, 1
7.120e+02, 3.170e+02, 1
7.110e+02, 3.164e+02, 1
7.100e+02, 3.158e+02, 1
7.090e+02, 3.152e+02, 1
7.080e+02, 3.146e+02, 1
7.070e+02, 3.140e+02, 1
7.060e+02, 3.134e+02, 1
7.050e+02, 3.128e+02, 1
7.040e+02, 3.122e+02, 1
7.030e+02, 3.116e+02, 1
7.020e+02, 3.110e+02, 1
7.010e+02, 3.104e+02, 1
7.000e+02, 3.098e+02, 1
6.990e+02, 3.092e+02, 1
6.980e+02, 3.086e+02, 1
6.970e+02, 3.080e+02, 1
6.960e+02, 3.074e+02, 1
6.950e+02, 3.068e+02, 1
6.940e+02, 3.062e+02, 1
6.930e+02, 3.056e+02, 1
6.920e+02, 3.050e+02, 1
6.910e+02, 3.044e+02, 1
6.900e+02, 3.038e+02, 1
6.890e+02, 3.032e+02, 1
6.880e+02, 3.026e+02, 1
6.870e+02, 3.020e+02, 1
6.860e+02, 3.014e+02, 1
6.850e+02, 3.008e+02, 1
6.840e+02, 3.002e+02, 1
6.830e+02, 2.997e+02, 1
6.820e+02, 2.991e+02, 1
6.810e+02, 2.985e+02, 1
6.800e+02, 2.979e+02, 1
6.790e+02, 2.973e+02, 1
6.780e+02, 2.967e+02, 1
6.770e+02, 2.961e+02, 1
6.760e+02, 2.955e+02, 1
6.750e+02, 2.949e+02, 1
6.740e+02, 2.943e+02, 1
6.730e+02, 2.937e+02, 1
6.720e+02, 2.931e+02, 1
6.710e+02, 2.925e+02, 1
6.700e+02, 2.919e+02, 1
6.690e+02, 2.913e+02, 1
6.680e+02, 2.907e+02, 1
6.670e+02, 2.901e+02, 1
6.660e+02, 2.895e+02, 1
6.650e+02, 2.889e+02, 1
6.640e+02, 2.883e+02, 1
6.630e+02, 2.877e+02, 1
6.620e+02, 2.871e+02, 1
6.610e+02, 2.865e+02, 1
6.600e+02, 2.860e+02, 1
6.590e+02, 2.854e+02, 1
6.580e+02, 2.848e+02, 1
6.570e+02, 2.842e+02, 1
6.560e+02, 2.836e+02, 1
6.550e+02, 2.830e+02, 1
6.540e+02, 2.824e+02, 1
6.530e+02, 2.818e+02, 1
6.520e+02, 2.812e+02, 1
6.510e+02, 2.806e+02, 1
6.500e+02, 2.800e+02, 1
6.490e+02, 2.794e+02, 1
6.480e+02, 2.788e+02, 1
6.470e+02, 2.782e+02, 1
6.460e+02, 2.776e+02, 1
6.450e+02, 2.770e+02, 1
6.440e+02, 2.765e+02, 1
6.430e+02, 2.759e+02, 1
6.420e+02, 2.753e+02, 1
6.410e+02, 2.747e+02, 1
6.400e+02, 2.741e+02, 1
6.390e+02, 2.735e+02, 1
6.380e+02, 2.729e+02, 1
6.370e+02, 2.723e+02, 1
6.360e+02, 2.717e+02, 1
6.350e+02, 2.711e+02, 1
6.340e+02, 2.705e+02, 1
6.330e+02, 2.699e+02, 1
6.320e+02, 2.694e+02, 1
6.310e+02, 2.688e+02, 1
6.300e+02, 2.682e+02, 1
6.290e+02, 2.676e+02, 1
6.280e+02, 2.670e+02, 1
6.270e+02, 2.664e+02, 1
6.260e+02, 2.658e+02, 1
6.250e+02, 2.652e+02, 1
6.240e+02, 2.646e+02, 1
6.230e+02, 2.640e+02, 1
6.220e+02, 2.634e+02, 1
6.210e+02, 2.629e+02, 1
6.200e+02, 2.623e+02, 1
6.190e+02, 2.617e+02, 1
6.180e+02, 2.611e+02, 1
6.170e+02, 2.605e+02, 1
6.160e+02, 2.599e+02, 1
6.150e+02, 2.593e+02, 1
6.140e+02, 2.587e+02, 1
6.130e+02, 2.581e+02, 1
6.120e+02, 2.576e+02, 1
6.110e+02, 2.570e+02, 1
6.100e+02, 2.564e+02, 1
6.090e+02, 2.558e+02, 1
6.080e+02, 2.552e+02, 1
6.070e+02, 2.546e+02, 1
6.060e+02, 2.540e+02, 1
6.050e+02, 2.534e+02, 1
6.040e+02, 2.529e+02, 1
6.030e+02, 2.523e+02, 1
6.020e+02, 2.517e+02, 1
6.010e+02, 2.511e+02, 1
6.000e+02, 2.505e+02, 1
5.990e+02, 2.499e+02, 1
5.980e+02, 2.493e+02, 1
5.970e+02, 2.487e+02, 1
5.960e+02, 2.482e+02, 1
5.950e+02, 2.476e+02, 1
5.940e+02, 2.470e+02, 1
5.930e+02, 2.464e+02, 1
5.920e+02, 2.458e+02, 1
5.910e+02, 2.452e+02, 1
5.900e+02, 2.446e+02, 1
5.890e+02, 2.441e+02, 1
5.880e+02, 2.435e+02, 1
5.870e+02, 2.429e+02, 1
5.860e+02, 2.423e+02, 1
5.850e+02, 2.417e+02, 1
5.840e+02, 2.411e+02, 1
5.830e+02, 2.405e+02, 1
5.820e+02, 2.400e+02, 1
5.810e+02, 2.394e+02, 1
5.800e+02, 2.388e+02, 1
5.790e+02, 2.382e+02, 1
5.780e+02, 2.376e+02, 1
5.770e+02, 2.370e+02, 1
5.760e+02, 2.364e+02, 1
5.750e+02, 2.359e+02, 1
5.740e+02, 2.353e+02, 1
5.730e+02, 2.347e+02, 1
5.720e+02, 2.341e+02, 1
5.710e+02, 2.335e+02, 1
5.700e+02, 2.329e+02, 1
5.690e+02, 2.324e+02, 1
5.680e+02, 2.318e+02, 1
5.670e+02, 2.312e+02, 1
5.660e+02, 2.306e+02, 1
5.650e+02, 2.300e+02, 1
5.640e+02, 2.295e+02, 1
5.630e+02, 2.289e+02, 1
5.620e+02, 2.283e+02, 1
5.610e+02, 2.277e+02, 1
5.600e+02, 2.271e+02, 1
5.590e+02, 2.265e+02, 1
5.580e+02, 2.260e+02, 1
5.570e+02, 2.254e+02, 1
5.560e+02, 2.248e+02, 1
5.550e+02, 2.242e+02, 1
5.540e+02, 2.236e+02, 1
5.530e+02, 2.231e+02, 1
5.520e+02, 2.225e+02, 1
5.510e+02, 2.219e+02, 1
5.500e+02, 2.213e+02, 1
5.490e+02, 2.207e+02, 1
5.480e+02, 2.202e+02, 1
5.470e+02, 2.196e+02, 1
5.460e+02, 2.190e+02, 1
5.450e+02, 2.184e+02, 1
5.440e+02, 2.178e+02, 1
5.430e+02, 2.173e+02, 1
5.420e+02, 2.167e+02, 1
5.410e+02, 2.161e+02, 1
5.400e+02, 2.155e+02, 1
5.390e+02, 2.149e+02, 1
5.380e+02, 2.144e+02, 1
5.370e+02, 2.138e+02, 1
5.360e+02, 2.132e+02, 1
5.350e+02, 2.126e+02, 1
5.340e+02, 2.120e+02, 1
5.330e+02, 2.115e+02, 1
5.320e+02, 2.109e+02, 1
5.310e+02, 2.103e+02, 1
5.300e+02, 2.097e+02, 1
5.290e+02, 2.092e+02, 1
5.280e+02, 2.086e+02, 1
5.270e+02, 2.080e+02, 1
5.260e+02, 2.074e+02, 1
5.250e+02, 2.069e+02, 1
5.240e+02, 2.063e+02, 1
5.230e+02, 2.057e+02, 1
5.220e+02, 2.051e+02, 1
5.210e+02, 2.045e+02, 1
5.200e+02, 2.040e+02, 1
5.190e+02, 2.034e+02, 1
5.180e+02, 2.028e+02, 1
5.170e+02, 2.022e+02, 1
5.160e+02, 2.017e+02, 1
5.150e+02, 2.011e+02, 1
5.140e+02, 2.005e+02, 1
5.130e+02, 1.999e+02, 1
5.120e+02, 1.994e+02, 1
5.110e+02, 1.988e+02, 1
5.100e+02, 1.982e+02, 1
5.090e+02, 1.977e+02, 1
5.080e+02, 1.971e+02, 1
5.070e+02, 1.965e+02, 1
5.060e+02, 1.959e+02, 1
5.050e+02, 1.954e+02, 1
5.040e+02, 1.948e+02, 1
5.030e+02, 1.942e+02, 1
5.020e+02, 1.936e+02, 1
5.010e+02, 1.931e+02, 1
5.000e+02, 1.925e+02, 1
4.990e+02, 1.919e+02, 1
4.980e+02, 1.913e+02, 1
4.970e+02, 1.908e+02, 1
4.960e+02, 1.902e+02, 1
4.950e+02, 1.896e+02, 1
4.940e+02, 1.891e+02, 1
4.930e+02, 1.885e+02, 1
4.920e+02, 1.879e+02, 1
4.910e+02, 1.873e+02, 1
4.900e+02, 1.868e+02, 1
4.890e+02, 1.862e+02, 1
4.880e+02, 1.856e+02, 1
4.870e+02, 1.851e+02, 1
4.860e+02, 1.845e+02, 1
4.850e+02, 1.839e+02, 1
4.840e+02, 1.834e+02, 1
4.830e+02, 1.828e+02, 1
4.820e+02, 1.822e+02, 1
4.810e+02, 1.816e+02, 1
4.800e+02, 1.811e+02, 1
4.790e+02, 1.805e+02, 1
4.780e+02, 1.799e+02, 1
4.770e+02, 1.794e+02, 1
4.760e+02, 1.788e+02, 1
4.750e+02, 1.782e+02, 1
4.740e+02, 1.777e+02, 1
4.730e+02, 1.771e+02, 1
4.720e+02, 1.765e+02, 1
4.710e+02, 1.760e+02, 1
4.700e+02, 1.754e+02, 1
4.690e+02, 1.748e+02, 1
4.680e+02, 1.743e+02, 1
4.670e+02, 1.737e+02, 1
4.660e+02, 1.731e+02, 1
4.650e+02, 1.726e+02, 1
4.640e+02, 1.720e+02, 1
4.630e+02, 1.714e+02, 1
4.620e+02, 1.709e+02, 1
4.610e+02, 1.703e+02, 1
4.600e+02, 1.697e+02, 1
4.590e+02, 1.692e+02, 1
4.580e+02, 1.686e+02, 1
4.570e+02, 1.680e+02, 1
4.560e+02, 1.675e+02, 1
4.550e+02, 1.669e+02, 1
4.540e+02, 1.664e+02, 1
4.530e+02, 1.658e+02, 1
4.520e+02, 1.652e+02, 1
4.510e+02, 1.647e+02, 1
4.500e+02, 1.641e+02, 1
4.490e+02, 1.635e+02, 1
4.480e+02, 1.630e+02, 1
4.470e+02, 1.624e+02, 1
4.460e+02, 1.618e+02, 1
4.450e+02, 1.613e+02, 1
4.440e+02, 1.607e+02, 1
4.430e+02, 1.602e+02, 1
4.420e+02, 1.596e+02, 1
4.410e+02, 1.590e+02, 1
4.400e+02, 1.585e+02, 1
4.390e+02, 1.579e+02, 1
4.380e+02, 1.574e+02, 1
4.370e+02, 1.568e+02, 1
4.360e+02, 1.562e+02, 1
4.350e+02, 1.557e+02, 1
4.340e+02, 1.551e+02, 1
4.330e+02, 1.546e+02, 1
4.320e+02, 1.540e+02, 1
4.310e+02, 1.534e+02, 1
4.300e+02, 1.529e+02, 1
4.290e+02, 1.523e+02, 1
4.280e+02, 1.518e+02, 1
4.270e+02, 1.512e+02, 1
4.260e+02, 1.506e+02, 1
4.250e+02, 1.501e+02, 1
4.240e+02, 1.495e+02, 1
4.230e+02, 1.490e+02, 1
4.220e+02, 1.484e+02, 1
4.210e+02, 1.479e+02, 1
4.200e+02, 1.473e+02, 1
4.190e+02, 1.467e+02, 1
4.180e+02, 1.462e+02, 1
4.170e+02, 1.456e+02, 1
4.160e+02, 1.451e+02, 1
4.150e+02, 1.445e+02, 1
4.140e+02, 1.440e+02, 1
4.130e+02, 1.434e+02, 1
4.120e+02, 1.428e+02, 1
4.110e+02, 1.423e+02, 1
4.100e+02, 1.417e+02, 1
4.090e+02, 1.412e+02, 1
4.080e+02, 1.406e+02, 1
4.070e+02, 1.401e+02, 1
4.060e+02, 1.395e+02, 1
4.050e+02, 1.390e+02, 1
4.040e+02, 1.384e+02, 1
4.030e+02, 1.379e+02, 1
4.020e+02, 1.373e+02, 1
4.010e+02, 1.368e+02, 1
4.000e+02, 1.362e+02, 1
3.990e+02, 1.356e+02, 1
3.980e+02, 1.351e+02, 1
3.970e+02, 1.345e+02, 1
3.960e+02, 1.340e+02, 1
3.950e+02, 1.334e+02, 1
3.940e+02, 1.329e+02, 1
3.930e+02, 1.323e+02, 1
3.920e+02, 1.318e+02, 1
3.910e+02, 1.312e+02, 1
3.900e+02, 1.307e+02, 1
3.890e+02, 1.301e+02, 1
3.880e+02, 1.296e+02, 1
3.870e+02, 1.290e+02, 1
3.860e+02, 1.285e+02, 1
3.850e+02, 1.279e+02, 1
3.840e+02, 1.274e+02, 1
3.830e+02, 1.268e+02, 1
3.820e+02, 1.263e+02, 1
3.810e+02, 1.257e+02, 1
3.800e+02, 1.252e+02, 1
3.790e+02, 1.247e+02, 1
3.780e+02, 1.241e+02, 1
3.770e+02, 1.236e+02, 1
3.760e+02, 1.230e+02, 1
3.750e+02, 1.225e+02, 1
3.740e+02, 1.219e+02, 1
3.730e+02, 1.214e+02, 1
3.720e+02, 1.208e+02, 1
3.710e+02, 1.203e+02, 1
3.700e+02, 1.197e+02, 1
3.690e+02, 1.192e+02, 1
3.680e+02, 1.186e+02, 1
3.670e+02, 1.181e+02, 1
3.660e+02, 1.176e+02, 1
3.650e+02, 1.170e+02, 1
3.640e+02, 1.165e+02, 1
3.630e+02, 1.159e+02, 1
3.620e+02, 1.154e+02, 1
3.610e+02, 1.148e+02, 1
3.600e+02, 1.143e+02, 1
3.590e+02, 1.138e+02, 1
3.580e+02, 1.132e+02, 1
3.570e+02, 1.127e+02, 1
3.560e+02, 1.121e+02, 1
3.550e+02, 1.116e+02, 1
3.540e+02, 1.110e+02, 1
3.530e+02, 1.105e+02, 1
3.520e+02, 1.100e+02, 1
3.510e+02, 1.094e+02, 1
3.500e+02, 1.089e+02, 1
3.490e+02, 1.083e+02, 1
3.480e+02, 1.078e+02, 1
3.470e+02, 1.073e+02, 1
3.460e+02, 1.067e+02, 1
3.450e+02, 1.062e+02, 1
3.440e+02, 1.057e+02, 1
3.430e+02, 1.051e+02, 1
3.420e+02, 1.046e+02, 1
3.410e+02, 1.040e+02, 1
3.400e+02, 1.035e+02, 1
3.390e+02, 1.030e+02, 1
3.380e+02, 1.024e+02, 1
3.370e+02, 1.019e+02, 1
3.360e+02, 1.014e+02, 1
3.350e+02, 1.008e+02, 1
3.340e+02, 1.003e+02, 1
3.330e+02, 9.975e+01, 1
3.320e+02, 9.922e+01, 1
3.310e+02, 9.868e+01, 1
3.300e+02, 9.815e+01, 1
3.290e+02, 9.761e+01, 1
3.280e+02, 9.708e+01, 1
3.270e+02, 9.655e+01, 1
3.260e+02, 9.601e+01, 1
3.250e+02, 9.548e+01, 1
3.240e+02, 9.495e+01, 1
3.230e+02, 9.441e+01, 1
3.220e+02, 9.388e+01, 1
3.210e+02, 9.335e+01, 1
3.200e+02, 9.282e+01, 1
3.190e+02, 9.229e+01, 1
3.180e+02, 9.176e+01, 1
3.170e+02, 9.123e+01, 1
3.160e+02, 9.070e+01, 1
3.150e+02, 9.017e+01, 1
3.140e+02, 8.964e+01, 1
3.130e+02, 8.911e+01, 1
3.120e+02, 8.858e+01, 1
3.110e+02, 8.805e+01, 1
3.100e+02, 8.752e+01, 1
3.090e+02, 8.699e+01, 1
3.080e+02, 8.647e+01, 1
3.070e+02, 8.594e+01, 1
3.060e+02, 8.541e+01, 1
3.050e+02, 8.488e+01, 1
3.040e+02, 8.436e+01, 1
3.030e+02, 8.383e+01, 1
3.020e+02, 8.331e+01, 1
3.010e+02, 8.278e+01, 1
3.000e+02, 8.225e+01, 1
2.990e+02, 8.173e+01, 1
2.980e+02, 8.120e+01, 1
2.970e+02, 8.068e+01, 1
2.960e+02, 8.016e+01, 1
2.950e+02, 7.963e+01, 1
2.940e+02, 7.911e+01, 1
2.930e+02, 7.859e+01, 1
2.920e+02, 7.806e+01, 1
2.910e+02, 7.754e+01, 1
2.900e+02, 7.702e+01, 1
2.890e+02, 7.650e+01, 1
2.880e+02, 7.598e+01, 1
2.870e+02, 7.545e+01, 1
2.860e+02, 7.493e+01, 1
2.850e+02, 7.441e+01, 1
2.840e+02, 7.389e+01, 1
2.830e+02, 7.337e+01, 1
2.820e+02, 7.285e+01, 1
2.810e+02, 7.234e+01, 1
2.800e+02, 7.182e+01, 1
2.790e+02, 7.130e+01, 1
2.780e+02, 7.078e+01, 1
2.770e+02, 7.026e+01, 1
2.760e+02, 6.974e+01, 1
2.750e+02, 6.923e+01, 1
2.740e+02, 6.871e+01, 1
2.730e+02, 6.819e+01, 1
2.720e+02, 6.768e+01, 1
2.710e+02, 6.716e+01, 1
2.700e+02, 6.665e+01, 1
2.690e+02, 6.613e+01, 1
2.680e+02, 6.562e+01, 1
2.670e+02, 6.510e+01, 1
2.660e+02, 6.459e+01, 1
2.650e+02, 6.408e+01, 1
2.640e+02, 6.356e+01, 1
2.630e+02, 6.305e+01, 1
2.620e+02, 6.254e+01, 1
2.610e+02, 6.203e+01, 1
2.600e+02, 6.151e+01, 1
2.590e+02, 6.100e+01, 1
2.580e+02, 6.049e+01, 1
2.570e+02, 5.998e+01, 1
2.560e+02, 5.947e+01, 1
2.550e+02, 5.896e+01, 1
2.540e+02, 5.845e+01, 1
2.530e+02, 5.794e+01, 1
2.520e+02, 5.743e+01, 1
2.510e+02, 5.692e+01, 1
2.500e+02, 5.641e+01, 1
2.490e+02, 5.591e+01, 1
2.480e+02, 5.540e+01, 1
2.470e+02, 5.489e+01, 1
2.460e+02, 5.439e+01, 1
2.450e+02, 5.388e+01, 1
2.440e+02, 5.337e+01, 1
2.430e+02, 5.287e+01, 1
2.420e+02, 5.236e+01, 1
2.410e+02, 5.186e+01, 1
2.400e+02, 5.135e+01, 1
2.390e+02, 5.085e+01, 1
2.380e+02, 5.034e+01, 1
2.370e+02, 4.984e+01, 1
2.360e+02, 4.934e+01, 1
2.350e+02, 4.884e+01, 1
2.340e+02, 4.833e+01, 1
2.330e+02, 4.783e+01, 1
2.320e+02, 4.733e+01, 1
2.310e+02, 4.683e+01, 1
2.300e+02, 4.633e+01, 1
2.290e+02, 4.583e+01, 1
2.280e+02, 4.533e+01, 1
2.270e+02, 4.483e+01, 1
2.260e+02, 4.433e+01, 1
2.250e+02, 4.383e+01, 1
2.240e+02, 4.333e+01, 1
2.230e+02, 4.283e+01, 1
2.220e+02, 4.234e+01, 1
2.210e+02, 4.184e+01, 1
2.200e+02, 4.134e+01, 1
2.190e+02, 4.085e+01, 1
2.180e+02, 4.035e+01, 1
2.170e+02, 3.985e+01, 1
2.160e+02, 3.936e+01, 1
2.150e+02, 3.886e+01, 1
2.140e+02, 3.837e+01, 1
2.130e+02, 3.788e+01, 1
2.120e+02, 3.738e+01, 1
2.110e+02, 3.689e+01, 1
2.100e+02, 3.640e+01, 1
2.090e+02, 3.590e+01, 1
2.080e+02, 3.541e+01, 1
2.070e+02, 3.492e+01, 1
2.060e+02, 3.443e+01, 1
2.050e+02, 3.394e+01, 1
2.040e+02, 3.345e+01, 1
2.030e+02, 3.296e+01, 1
2.020e+02, 3.247e+01, 1
2.010e+02, 3.198e+01, 1
2.000e+02, 3.149e+01, 1
1.990e+02, 3.100e+01, 1
1.980e+02, 3.052e+01, 1
1.970e+02, 3.003e+01, 1
1.960e+02, 2.954e+01, 1
1.950e+02, 2.906e+01, 1
1.940e+02, 2.857e+01, 1
1.930e+02, 2.808e+01, 1
1.920e+02, 2.760e+01, 1
1.910e+02, 2.711e+01, 1
1.900e+02, 2.663e+01, 1
1.890e+02, 2.615e+01, 1
1.880e+02, 2.566e+01, 1
1.870e+02, 2.518e+01, 1
1.860e+02, 2.470e+01, 1
1.850e+02, 2.421e+01, 1
1.840e+02, 2.373e+01, 1
1.830e+02, 2.325e+01, 1
1.820e+02, 2.277e+01, 1
1.810e+02, 2.229e+01, 1
1.800e+02, 2.181e+01, 1
1.790e+02, 2.133e+01, 1
1.780e+02, 2.085e+01, 1
1.770e+02, 2.037e+01, 1
1.760e+02, 1.990e+01, 1
1.750e+02, 1.942e+01, 1
1.740e+02, 1.894e+01, 1
1.730e+02, 1.846e+01, 1
1.720e+02, 1.799e+01, 1
1.710e+02, 1.751e+01, 1
1.700e+02, 1.704e+01, 1
1.690e+02, 1.656e+01, 1
1.680e+02, 1.609e+01, 1
1.670e+02, 1.561e+01, 1
1.660e+02, 1.514e+01, 1
1.650e+02, 1.467e+01, 1
1.640e+02, 1.419e+01, 1
1.630e+02, 1.372e+01, 1
1.620e+02, 1.325e+01, 1
1.610e+02, 1.278e+01, 1
1.600e+02, 1.231e+01, 1
1.590e+02, 1.184e+01, 1
1.580e+02, 1.137e+01, 1
1.570e+02, 1.090e+01, 1
1.560e+02, 1.043e+01, 1
1.550e+02, 9.961e+00, 1
1.540e+02, 9.493e+00, 1
1.530e+02, 9.026e+00, 1
1.520e+02, 8.559e+00, 1
1.510e+02, 8.092e+00, 1
1.500e+02, 7.626e+00, 1
1.490e+02, 7.161e+00, 1
1.480e+02, 6.696e+00, 1
1.470e+02, 6.231e+00, 1
1.460e+02, 5.767e+00, 1
1.450e+02, 5.304e+00, 1
1.440e+02, 4.840e+00, 1
1.430e+02, 4.378e+00, 1
1.420e+02, 3.916e+00, 1
1.410e+02, 3.454e+00, 1
1.400e+02, 2.993e+00, 1
1.390e+02, 2.532e+00, 1
1.380e+02, 2.072e+00, 1
1.370e+02, 1.613e+00, 1
1.360e+02, 1.153e+00, 1
1.350e+02, 6.948e-01, 1
1.340e+02, 2.367e-01, 1
